dv,heat,year,region,country,rain,DM_urban_p,ED_educ_years_mean,ED_litt_p,EI_internet_week_p,EI_news_week_p,EI_radio_week_p,EI_tv_week_p,DP_decide_money_p,DP_earn_more_equal_p,WK_working_paid_p,DP_owns_house_p,DP_owns_land_p,DP_decide_health_p,DP_decide_large_purchase_p,DP_decide_visits_p,DP_decide_contraception_p,DP_decide_no_contraception_p,DV_phys_partner_12m_p,DV_phys_12m_p,WL_wealth_median,DM_age_diff_mean,DM_age_diff_10plus_p,EI_women_elec_p,region_id
13.57,0.0,2016,1,ARM,0.343300743132489,20.15,11.14,100.0,69.62,15.55,4.21,86.94,23.97,36.32,66.16,75.94,52.75,35.28,28.45,,25.25,20.91,21.87,13.57,74.99,5.16,15.04,100.0,ARM_1
3.49,0.0,2016,2,ARM,0.376713992937378,26.93,11.16,100.0,70.61,15.86,15.7,97.16,13.0,31.37,60.39,69.42,36.35,23.24,5.03,,13.24,6.87,4.8,3.49,79.05,5.0,16.44,100.0,ARM_2
0.69,0.0,2016,3,ARM,0.368674292706673,35.06,10.84,100.0,63.74,17.99,7.19,97.76,41.33,21.16,42.26,22.96,9.67,22.38,4.33,,6.99,15.27,0.91,0.69,72.72,4.67,4.16,99.88,ARM_3
1.1,0.0,2016,4,ARM,0.398514765774687,35.18,11.14,100.0,63.97,3.62,0.25,65.69,19.97,21.02,34.45,80.78,61.81,11.2,6.47,,12.9,24.66,1.71,1.1,74.97,5.52,4.0,100.0,ARM_4
4.79,0.0,2016,5,ARM,0.342746158361001,56.98,11.68,100.0,73.73,8.71,2.53,87.26,16.53,42.79,96.7,55.49,0.56,34.64,23.32,,9.12,5.54,8.14,4.79,74.97,4.64,15.75,100.0,ARM_5
1.12,0.0,2016,6,ARM,0.348303313931719,49.72,11.77,100.0,72.58,26.41,14.03,97.91,29.12,21.21,71.43,49.56,12.83,22.04,4.42,,16.94,36.68,1.47,1.12,82.57,4.46,1.95,100.0,ARM_6
2.37,0.0,2016,7,ARM,0.296256379715469,49.47,11.7,100.0,76.9,18.36,11.36,96.34,36.74,41.9,94.59,19.78,3.71,11.94,0.58,,11.23,23.61,3.13,2.37,78.65,4.58,4.3,99.78,ARM_7
0.0,0.0833333333333333,2016,8,ARM,0.342912450932337,59.09,11.69,100.0,89.13,29.37,5.98,97.75,17.74,22.85,76.38,55.72,15.8,14.01,27.49,,0.0,7.11,0.0,0.0,79.05,5.17,17.5,100.0,ARM_8
1.34,0.0,2016,9,ARM,0.399476575312296,35.09,11.48,100.0,78.99,36.98,2.11,98.01,23.57,40.34,75.97,51.36,14.96,24.47,19.84,,11.97,12.18,1.8,1.34,82.57,5.01,9.22,99.77,ARM_9
0.71,0.0,2016,10,ARM,0.404976408351155,33.91,11.62,100.0,75.16,56.08,2.29,95.43,22.88,42.88,68.69,37.62,17.12,21.33,5.74,,13.23,23.52,0.9,0.71,79.85,4.44,4.38,100.0,ARM_10
1.98,0.0,2016,11,ARM,0.45134819916778,100.0,12.9,100.0,89.16,41.27,30.39,96.9,32.81,35.95,97.53,44.25,1.54,44.44,24.02,,23.1,19.38,3.03,1.98,83.93,4.13,8.93,100.0,ARM_11
17.21,0.0,2010,1,BFA,0.221987840803808,9.04,1.08,14.83,,2.54,27.36,17.94,89.95,2.31,29.1,56.74,55.46,4.94,3.13,,,,15.95,17.21,17.11,9.22,32.55,4.3,BFA_1
13.32,0.0833333333333333,2010,2,BFA,0.0066341186187976,29.7,1.57,20.96,,4.4,51.3,15.96,91.16,2.91,33.28,39.78,34.3,2.73,1.89,,,,14.16,13.32,23.62,11.16,42.99,10.89,BFA_2
12.71,0.0,2010,3,BFA,-0.0593699581912883,87.64,4.94,52.84,,18.27,57.33,58.0,84.16,13.18,74.56,21.42,11.42,17.06,9.02,,,,11.75,12.71,42.46,9.12,32.64,55.61,BFA_3
3.77,0.0,2010,4,BFA,-0.0604343618545084,18.2,1.18,15.97,,3.35,39.3,9.92,72.62,12.92,27.93,10.71,14.12,10.5,5.46,,,,2.59,3.77,22.84,11.22,44.88,6.88,BFA_4
2.0,0.0,2010,5,BFA,0.0047596474307613,7.91,0.76,13.04,,1.6,43.78,3.59,88.46,6.19,19.54,31.56,30.32,3.4,1.32,,,,1.82,2.0,19.46,12.86,49.57,3.28,BFA_5
7.7,0.0,2010,6,BFA,-0.0837083118991578,15.88,1.51,20.46,,2.95,46.24,11.8,91.08,12.73,27.95,8.48,11.4,6.25,2.82,,,,7.22,7.7,19.14,13.2,51.26,7.08,BFA_6
9.56,0.0,2010,7,BFA,-0.142262143718594,11.44,1.47,20.57,,3.7,47.85,6.71,82.62,11.82,29.08,34.82,22.0,14.6,1.48,,,,9.65,9.56,21.9,11.95,35.56,3.55,BFA_7
7.41,0.0,2010,8,BFA,-0.0579622262009931,7.45,0.65,12.26,,0.98,51.68,5.94,92.04,3.75,24.8,38.85,72.82,8.09,9.11,,,,5.57,7.41,16.56,11.16,48.25,3.76,BFA_8
10.22,0.0833333333333333,2010,9,BFA,0.144812283310557,43.58,2.3,30.37,,5.07,47.24,39.86,95.93,5.25,39.24,38.77,33.54,3.09,1.33,,,,10.94,10.22,25.11,9.82,43.7,30.89,BFA_9
3.57,0.0,2010,10,BFA,0.265947493661202,13.31,1.08,16.04,,2.1,45.42,10.56,76.67,3.17,15.19,23.61,26.93,5.73,1.38,,,,3.84,3.57,20.4,12.88,47.39,9.5,BFA_10
7.68,0.0,2010,11,BFA,-0.0022777679895695,9.07,1.11,16.31,,2.33,50.45,5.39,80.81,6.59,25.55,52.47,46.63,9.65,1.64,,,,8.13,7.68,23.46,12.7,46.03,3.46,BFA_11
5.93,0.0,2010,12,BFA,-0.0547851964092426,5.66,0.42,6.13,,0.33,39.34,3.93,88.62,1.02,54.36,12.73,19.29,1.83,0.85,,,,5.23,5.93,9.97,10.45,45.3,2.48,BFA_12
19.3,0.0833333333333333,2010,13,BFA,-0.0804579659678739,14.09,1.0,13.97,,1.02,34.51,8.42,89.28,9.87,59.31,51.52,44.34,19.1,1.84,,,,19.36,19.3,14.05,9.55,27.26,7.7,BFA_13
12.36,0.0833333333333333,2012,1,CIV,-0.163620448210769,39.54,3.17,38.21,,8.22,30.83,49.17,75.47,9.13,32.97,39.51,35.84,7.79,8.29,,,,15.47,12.36,25.9,8.43,61.23,51.14,CIV_1
16.73,0.0833333333333333,2012,2,CIV,-0.203168562981059,53.31,2.84,33.74,,5.87,16.27,49.99,94.64,2.52,75.26,18.22,15.58,9.58,7.69,,,,17.1,16.73,35.7,8.91,48.58,59.2,CIV_2
9.1,0.0833333333333333,2012,3,CIV,-0.345174028727893,15.18,2.42,28.25,,5.45,28.09,32.78,75.37,11.05,44.22,35.12,41.28,10.79,11.01,,,,9.96,9.1,20.85,8.58,45.88,42.96,CIV_3
10.02,0.0,2012,4,CIV,-0.238107967903984,44.45,3.75,42.37,,8.27,31.96,41.5,77.45,5.52,57.89,17.68,18.74,10.01,10.86,,,,13.34,10.02,37.07,8.82,36.75,66.74,CIV_4
23.06,0.0833333333333333,2012,6,CIV,0.041828249060825,25.89,2.44,31.2,,4.34,17.56,37.18,84.64,10.6,46.2,38.17,27.26,5.74,5.67,,,,24.46,23.06,21.9,9.71,47.97,35.97,CIV_6
17.89,0.166666666666667,2012,7,CIV,-0.0352523264171894,39.95,2.89,29.74,,7.31,21.82,36.21,35.29,10.27,44.49,39.48,35.95,5.6,4.15,,,,19.0,17.89,29.16,10.11,38.16,50.48,CIV_7
32.49,0.0,2012,9,CIV,-0.242311993843173,18.83,1.01,11.7,,1.17,10.69,18.27,72.48,6.23,36.09,39.01,29.57,10.81,11.84,,,,36.2,32.49,28.4,10.18,36.7,39.93,CIV_9
26.45,0.0,2004,1,CMR,-0.0988326293767794,92.48,8.0,90.96,,23.92,66.9,62.43,73.7,,76.64,,,30.12,18.52,71.16,,,42.63,26.45,37.28,8.09,32.94,88.13,CMR_1
25.86,0.0,2004,2,CMR,-0.243127686367903,30.2,1.58,21.71,,3.74,23.67,13.61,82.0,,35.85,,,9.21,7.27,56.13,,,29.9,25.86,9.66,11.69,46.09,19.04,CMR_2
33.6,0.0,2004,3,CMR,0.0169629545080288,43.33,6.88,87.77,,13.29,61.85,34.22,69.97,,47.63,,,21.95,16.95,70.26,,,43.0,33.6,20.02,7.54,22.54,56.5,CMR_3
21.02,0.0,2004,4,CMR,-0.150750490135627,51.27,6.62,80.39,,10.99,39.62,32.02,73.94,,43.05,,,16.61,13.45,54.96,,,29.0,21.02,18.84,9.79,28.7,53.61,CMR_4
28.54,0.0,2004,5,CMR,-0.130367051796915,43.44,6.53,66.71,,3.8,30.63,20.98,41.5,,25.74,,,11.21,7.85,83.17,,,41.62,28.54,12.49,9.99,31.68,31.32,CMR_5
34.56,0.0,2004,6,CMR,-0.500566697442122,48.81,5.1,62.58,,19.16,52.35,38.81,56.78,,28.06,,,22.04,19.75,67.84,,,42.56,34.56,12.49,7.3,31.23,43.76,CMR_6
26.09,0.0,2004,7,CMR,-0.178170312631201,52.55,7.68,77.73,,7.37,51.82,40.14,38.61,,42.33,,,16.35,6.76,55.89,,,40.63,26.09,30.9,8.49,30.48,63.17,CMR_7
32.75,0.0,2004,8,CMR,-0.264992981152699,100.0,8.87,94.23,,31.05,73.66,75.46,77.0,,84.02,,,42.99,27.85,68.41,,,48.4,32.75,43.63,7.11,24.06,97.48,CMR_8
27.85,0.0,2011,1,CMR,-0.173236455827094,91.76,8.8,93.01,,13.95,38.21,84.61,66.64,13.25,82.16,,,15.64,16.82,67.09,,,25.81,27.85,48.89,7.83,35.15,92.12,CMR_1
26.68,0.0833333333333333,2011,2,CMR,-0.125935523252727,31.35,2.23,29.61,,3.35,17.01,21.94,73.38,13.57,48.53,,,13.05,11.56,69.18,,,25.18,26.68,15.2,11.8,49.29,25.09,CMR_2
36.82,0.0,2011,3,CMR,-0.180691300343899,39.03,7.54,88.78,,14.09,36.59,58.6,62.54,15.17,60.63,,,16.3,17.04,66.57,,,37.99,36.82,34.28,7.43,26.24,65.12,CMR_3
16.15,0.0833333333333333,2011,4,CMR,-0.0857648542196261,46.35,7.42,89.11,,6.39,36.75,52.66,80.5,15.45,54.68,,,12.8,18.96,74.58,,,17.18,16.15,30.56,10.03,37.04,63.84,CMR_4
26.48,0.0833333333333333,2011,5,CMR,-0.116653651294579,42.6,7.29,79.95,,11.17,37.0,41.28,60.32,17.77,49.94,,,17.16,16.73,84.0,,,28.13,26.48,22.49,9.98,36.97,50.06,CMR_5
33.49,0.0833333333333333,2011,6,CMR,-0.0473208061230853,46.25,5.54,71.43,,6.36,22.53,47.29,58.56,10.14,61.2,,,7.59,17.86,69.74,,,32.93,33.49,19.21,7.5,30.8,51.14,CMR_6
27.77,0.0,2011,7,CMR,-0.0954790047481588,51.84,8.0,82.26,,10.14,36.44,62.27,52.81,12.85,55.26,,,17.45,16.48,80.85,,,33.05,27.77,30.4,8.17,30.28,62.17,CMR_7
30.08,0.0,2011,8,CMR,-0.170847821243572,100.0,9.66,94.33,,25.69,49.52,90.89,68.94,15.16,80.63,,,27.7,30.66,63.65,,,36.39,30.08,52.26,7.56,24.4,99.33,CMR_8
12.43,0.25,2018,1,CMR,-0.4612796133237,93.88,9.93,95.44,45.98,9.58,21.22,80.3,46.9,27.85,82.29,11.09,4.15,14.46,16.65,,21.49,35.12,15.99,12.43,56.69,7.53,33.48,96.21,CMR_1
16.65,0.0,2018,2,CMR,0.0154778685321565,31.69,2.87,32.54,4.4,2.04,7.9,13.86,69.12,7.1,24.37,7.88,7.54,3.97,6.78,,30.19,38.82,16.22,16.65,17.11,12.01,53.39,28.88,CMR_2
14.15,0.0,2018,4,CMR,-0.584462374854965,52.55,8.3,88.43,19.94,3.3,22.42,56.51,71.32,16.56,47.03,26.06,22.28,9.92,17.66,,23.26,18.4,12.63,14.15,40.79,9.8,41.92,80.54,CMR_4
16.15,0.0,2018,5,CMR,-0.385077259191439,42.81,8.18,74.74,20.46,7.51,26.34,35.74,39.42,19.54,42.4,29.49,24.51,11.84,15.91,,6.54,24.68,15.62,16.15,32.67,7.94,34.87,59.48,CMR_5
19.52,0.0833333333333333,2018,6,CMR,-0.0250761699574194,48.68,6.49,64.71,15.9,10.48,20.47,34.22,47.31,29.22,37.16,16.51,12.54,14.97,10.24,,43.52,46.81,22.47,19.52,23.24,7.49,26.51,46.7,CMR_6
15.96,0.25,2018,7,CMR,-0.61866927738766,100.0,10.61,94.73,46.36,18.24,39.93,75.31,43.62,21.12,77.57,8.29,6.26,17.85,18.81,,13.06,24.83,10.55,15.96,59.41,7.36,15.25,99.02,CMR_7
33.11,0.0833333333333333,2007,1,COD,0.24429163782515,100.0,9.32,91.5,,11.93,52.17,74.88,60.89,,68.61,,,30.21,17.07,66.03,,,40.77,33.11,52.43,7.75,31.69,85.87,COD_1
55.78,0.0,2007,2,COD,0.48386771398708,20.1,5.0,51.37,,6.96,27.92,2.63,11.88,,12.05,,,14.91,9.34,56.0,,,58.22,55.78,16.62,7.53,29.83,0.15,COD_2
37.98,0.0833333333333333,2007,3,COD,0.617785611261444,36.03,5.45,61.54,,5.8,54.02,21.09,28.49,,21.22,,,15.77,10.11,62.55,,,44.33,37.98,16.62,6.68,21.9,19.69,COD_3
66.91,0.0,2007,4,COD,-0.439564298073345,28.77,3.81,49.44,,2.8,8.22,1.58,11.84,,18.49,,,27.91,10.44,58.95,,,70.28,66.91,16.62,6.26,22.19,0.23,COD_4
59.98,0.0,2007,5,COD,0.0256300360664141,36.36,4.63,50.05,,10.42,19.02,5.05,23.43,,24.1,,,15.11,14.61,46.35,,,60.99,59.98,13.13,8.01,25.25,1.02,COD_5
49.19,0.0,2007,6,COD,0.0914782844869061,51.44,5.49,58.16,,14.37,32.63,10.26,27.8,,33.18,,,18.14,16.88,42.59,,,52.43,49.19,18.95,8.61,35.6,2.46,COD_6
48.54,0.0,2007,7,COD,0.298132280715524,60.76,5.5,59.62,,5.31,29.27,25.86,25.96,,29.97,,,24.17,10.57,63.5,,,53.1,48.54,18.95,7.01,22.76,28.36,COD_7
53.73,0.0833333333333333,2007,8,COD,0.0515514614620583,46.13,4.72,63.38,,9.73,37.41,7.24,17.15,,36.29,,,14.03,16.9,51.46,,,56.15,53.73,16.62,6.63,26.28,14.26,COD_8
40.05,0.25,2007,9,COD,0.158066101754941,29.81,3.2,52.11,,13.66,37.39,4.44,24.78,,23.5,,,22.34,14.58,71.57,,,40.56,40.05,17.7,5.84,21.11,3.03,COD_9
42.83,0.5,2007,10,COD,0.0018108774939272,20.53,3.13,38.68,,6.78,23.55,9.5,20.91,,23.65,,,30.32,13.34,65.1,,,42.98,42.83,16.62,5.82,21.8,7.79,COD_10
41.91,0.166666666666667,2007,11,COD,0.147596733022707,30.88,4.13,62.16,,8.02,48.59,15.44,54.4,,29.78,,,21.94,14.16,54.99,,,44.55,41.91,17.7,6.46,22.33,25.54,COD_11
20.69,0.0,2013,1,COD,0.161609638779635,100.0,10.35,93.26,,9.82,27.47,72.43,62.95,28.16,90.02,11.04,4.62,25.84,25.54,,,,22.64,20.69,57.33,8.03,32.79,92.21,COD_1
28.61,0.0833333333333333,2013,2,COD,0.110152047852887,20.58,6.31,64.97,,9.52,23.82,4.46,23.96,28.34,19.26,48.55,41.74,9.39,24.84,,,,33.13,28.61,8.09,7.04,25.05,0.7,COD_2
21.54,0.0,2013,3,COD,0.0807240766925836,30.21,6.21,66.84,,2.26,16.39,15.31,35.58,32.79,49.58,26.34,31.65,5.16,14.79,,,,26.93,21.54,10.43,6.4,16.37,17.66,COD_3
34.15,0.0833333333333333,2013,4,COD,-0.164217217137199,19.78,4.84,53.39,,6.78,12.93,8.17,26.92,19.19,28.84,37.64,35.24,10.07,17.49,,,,34.51,34.15,8.09,6.41,23.91,2.35,COD_4
35.4,0.0833333333333333,2013,5,COD,0.105506434353822,33.72,5.29,51.11,,6.7,10.02,3.75,23.33,17.99,43.0,43.65,38.88,10.4,11.58,,,,40.28,35.4,8.09,7.53,25.64,1.19,COD_5
30.81,0.0,2013,6,COD,0.0682049370400911,41.64,6.11,63.89,,9.07,15.82,3.87,27.38,23.13,45.92,32.45,25.63,6.45,10.26,,,,36.2,30.81,10.05,7.99,22.94,1.05,COD_6
27.51,0.0,2013,7,COD,0.0468001551656352,47.7,5.53,54.26,,5.86,25.07,26.96,23.36,17.54,41.76,43.71,48.95,9.73,9.52,,,,28.68,27.51,12.79,6.84,22.35,31.43,COD_7
31.54,0.0,2013,8,COD,0.0710049779861589,32.87,5.69,66.38,,4.24,25.79,4.23,16.52,37.02,40.51,42.06,34.38,4.56,8.71,,,,32.84,31.54,14.44,6.15,21.08,9.36,COD_8
11.36,0.0,2013,9,COD,0.084564364241111,46.52,5.63,64.15,,13.31,36.53,12.64,22.81,44.77,34.19,35.57,28.66,11.73,9.24,,,,11.94,11.36,14.44,6.04,17.15,14.16,COD_9
25.97,0.0,2013,10,COD,0.0031748071405114,22.69,4.99,57.64,,8.32,19.54,11.04,32.19,29.42,48.74,44.72,41.16,11.41,19.12,,,,27.08,25.97,13.11,6.49,20.67,9.9,COD_10
31.11,0.0833333333333333,2013,11,COD,-0.0391319330144697,15.69,4.81,59.85,,6.91,26.06,6.44,19.15,26.79,29.2,45.17,50.75,10.61,17.81,,,,33.63,31.11,8.09,6.98,17.68,8.63,COD_11
22.98,0.0,2000,1,COL,0.869957222138255,78.25,7.96,100.0,,,,,77.84,,90.28,,,64.32,27.46,69.57,,,32.92,22.98,58.13,4.85,21.65,96.34,COL_1
27.9,0.0,2000,2,COL,0.5828466451274,65.15,7.35,100.0,,,,,77.57,,77.27,,,65.42,20.32,75.97,,,42.32,27.9,59.84,4.53,18.86,97.29,COL_2
24.77,0.0,2000,3,COL,0.78737533708336,76.19,7.86,100.0,,,,,83.46,,90.15,,,62.61,18.73,77.99,,,38.53,24.77,68.03,4.86,26.87,96.66,COL_3
31.37,0.0,2000,4,COL,0.742595840629737,71.27,7.47,100.0,,,,,79.78,,77.09,,,64.45,21.79,74.81,,,47.66,31.37,59.84,4.05,16.95,92.86,COL_4
26.51,0.0,2000,5,COL,0.59845600581198,99.8,9.49,100.0,,,,,75.59,,89.57,,,72.34,21.6,69.3,,,41.85,26.51,71.65,3.94,17.54,99.83,COL_5
21.76,0.0,2005,1,COL,0.797613735309354,76.0,8.65,100.0,,,,,83.75,,89.81,,,73.23,27.38,67.56,,,31.6,21.76,62.16,4.6,19.33,97.34,COL_1
28.29,0.0,2005,2,COL,0.487103189727029,68.24,7.94,100.0,,,,,82.63,,88.39,,,73.89,22.01,77.68,,,41.31,28.29,67.13,4.71,25.1,97.23,COL_2
24.89,0.0,2005,3,COL,-0.0538889947345033,74.26,8.28,100.0,,,,,88.2,,90.11,,,70.67,20.02,78.08,,,37.48,24.89,70.75,4.71,24.96,96.01,COL_3
25.01,0.0,2005,4,COL,-0.234031835699693,70.87,8.23,100.0,,,,,84.38,,87.47,,,72.2,20.4,74.36,,,38.28,25.01,68.46,4.55,20.89,96.52,COL_4
30.26,0.0,2005,5,COL,0.0232638269078729,99.7,9.86,100.0,,,,,81.77,,93.54,,,82.69,22.56,71.4,,,46.68,30.26,75.72,3.77,15.89,99.79,COL_5
29.63,0.0,2005,6,COL,0.483373597490885,100.0,8.81,100.0,,,,,82.38,,90.57,,,73.65,21.55,74.46,,,42.25,29.63,67.82,5.13,27.66,99.38,COL_6
22.69,0.583333333333333,2010,1,COL,-0.302462814206977,75.76,9.01,100.0,,,,,78.68,26.68,85.83,,,70.36,29.52,69.5,,,28.63,22.69,62.69,4.67,22.03,96.63,COL_1
29.22,0.25,2010,2,COL,-0.366761013701876,70.34,8.73,100.0,,,,,79.35,26.83,90.38,,,78.04,19.97,71.25,,,38.62,29.22,66.22,4.43,23.72,98.02,COL_2
27.0,0.416666666666667,2010,3,COL,-0.131149167721042,75.99,8.95,100.0,,,,,83.7,27.51,91.07,,,77.9,20.06,73.13,,,37.27,27.0,70.62,4.54,21.91,98.15,COL_3
29.47,0.416666666666667,2010,4,COL,0.0109376952403863,73.2,8.94,100.0,,,,,77.67,26.93,88.99,,,73.06,25.09,74.87,,,40.42,29.47,67.57,4.28,21.66,97.2,COL_4
27.22,0.25,2010,5,COL,0.133293725615622,100.0,10.84,100.0,,,,,75.03,34.45,93.34,,,82.82,24.22,59.12,,,38.76,27.22,74.7,3.51,15.0,99.54,COL_5
30.72,0.666666666666667,2010,6,COL,-0.363508812914906,68.72,8.14,100.0,,,,,75.42,30.08,87.21,,,67.81,20.67,67.76,,,37.84,30.72,58.95,4.58,28.74,94.37,COL_6
20.39,0.25,2015,1,COL,-0.591560085450909,77.01,9.71,100.0,,,,,65.61,32.87,92.43,28.02,10.26,73.06,27.9,60.75,21.39,,28.31,20.39,64.54,,,95.81,COL_1
23.03,0.5,2015,2,COL,-0.58866044120443,73.79,9.97,100.0,,,,,61.81,28.84,88.72,25.62,14.13,71.66,20.09,63.31,24.29,,33.83,23.03,70.64,,,98.63,COL_2
20.39,0.416666666666667,2015,3,COL,-0.583342192488002,77.64,9.86,100.0,,,,,72.6,31.35,93.06,25.84,9.18,75.24,21.89,65.22,28.03,,30.67,20.39,72.26,,,98.9,COL_3
24.84,0.25,2015,4,COL,-0.424166206190748,72.4,9.67,100.0,,,,,71.42,31.54,92.1,28.15,14.74,72.97,20.83,67.93,31.58,,36.18,24.84,70.62,,,97.43,COL_4
22.59,0.25,2015,5,COL,-0.356643306753633,99.82,11.35,100.0,,,,,64.65,36.79,95.05,24.63,5.87,73.97,23.04,67.05,28.52,,33.97,22.59,77.76,,,99.88,COL_5
25.74,0.416666666666667,2015,6,COL,-0.15370383098315,65.47,9.21,100.0,,,,,61.82,30.39,89.17,32.23,20.21,69.79,16.97,54.1,27.45,,36.34,25.74,62.69,,,93.53,COL_6
10.81,0.0,2016,1,ETH,-0.112252567961702,24.72,4.16,51.05,3.58,4.43,15.41,18.93,29.0,38.89,39.07,44.84,37.53,22.82,11.54,,28.62,36.35,9.69,10.81,8.09,8.42,17.85,37.46,ETH_1
6.03,0.0,2016,2,ETH,-0.323572243004636,27.33,1.91,23.71,1.42,2.97,13.29,15.59,27.93,34.18,60.18,51.54,21.44,18.63,15.44,,22.61,31.6,6.09,6.03,4.0,9.37,33.33,28.73,ETH_2
13.44,0.0,2016,3,ETH,-0.305298494740146,19.31,3.25,44.97,1.42,1.68,8.42,10.31,27.03,40.6,26.24,62.62,51.03,12.13,7.48,,23.11,39.36,14.76,13.44,4.0,7.6,24.71,23.13,ETH_3
20.19,0.0,2016,4,ETH,-0.267412633497951,15.24,2.95,37.32,1.95,4.22,20.18,12.49,21.98,48.42,32.69,46.32,37.14,11.42,9.78,,17.08,24.88,22.59,20.19,4.0,8.04,20.9,22.79,ETH_4
4.55,0.0,2016,5,ETH,0.0853508851955599,18.88,1.59,12.63,2.51,1.35,4.12,7.91,55.7,57.35,58.6,57.52,31.36,28.6,23.64,,31.75,21.48,5.79,4.55,4.0,10.06,33.12,15.24,ETH_5
12.49,0.0,2016,6,ETH,0.0934284145270015,16.61,3.38,38.68,1.22,3.37,11.38,9.34,8.46,62.05,18.83,61.19,52.31,15.09,9.9,,14.37,22.3,14.84,12.49,4.0,7.75,20.34,24.44,ETH_6
11.41,0.0833333333333333,2016,7,ETH,-0.280616163011089,12.94,3.35,35.29,1.59,4.36,13.3,8.44,35.29,30.28,58.18,50.78,47.11,18.57,10.78,,22.58,32.24,13.97,11.41,4.08,7.54,23.43,17.17,ETH_7
18.88,0.166666666666667,2016,8,ETH,-0.447621876565901,46.53,5.85,50.67,3.05,3.46,13.76,25.55,44.5,38.24,54.65,45.09,33.54,28.74,21.65,,23.83,39.29,20.2,18.88,12.06,7.51,36.46,46.58,ETH_8
10.17,0.0,2016,10,ETH,-0.361065507629303,100.0,8.57,87.88,24.49,10.54,45.3,81.05,40.0,26.6,74.49,15.81,4.05,35.25,22.95,,24.95,31.03,12.74,10.17,60.38,6.65,24.86,99.77,ETH_10
11.05,0.0,2016,11,ETH,-0.224276781377321,71.35,5.29,54.54,13.18,5.77,20.02,51.46,35.03,42.11,70.51,28.66,18.26,18.54,18.33,,37.36,33.28,11.25,11.05,46.45,7.08,22.1,74.01,ETH_11
5.47,0.166666666666667,2015,1,GTM,-0.317382945665759,81.64,8.37,95.6,,61.58,77.39,87.74,56.88,31.15,95.45,23.8,10.72,29.9,21.41,,,,6.88,5.47,76.81,2.79,12.68,98.83,GTM_1
7.64,0.166666666666667,2015,2,GTM,-0.035493970488219,23.39,4.41,68.95,,32.57,62.67,35.59,53.33,25.97,90.56,41.14,19.89,12.45,18.38,,,,9.34,7.64,27.13,4.19,9.15,58.32,GTM_2
6.15,0.0833333333333333,2015,3,GTM,-0.0126998053681808,33.0,6.23,85.02,,49.19,63.34,68.47,51.94,33.07,89.5,33.43,13.99,22.09,19.4,,,,7.39,6.15,63.5,4.21,14.44,84.62,GTM_3
7.42,0.166666666666667,2015,4,GTM,-0.0022258381729622,32.46,5.99,86.11,,47.5,68.24,75.43,49.93,27.96,87.54,32.1,14.23,21.12,20.23,,,,9.7,7.42,59.41,3.98,13.53,89.91,GTM_4
8.24,0.166666666666667,2015,6,GTM,0.10607529116277,39.18,5.73,84.3,,45.8,71.99,70.53,48.33,25.78,90.72,27.96,14.13,18.33,17.79,,,,9.38,8.24,56.35,3.12,7.77,94.67,GTM_6
4.05,0.166666666666667,2015,7,GTM,-0.102868367972825,24.63,4.24,68.38,,25.61,64.37,51.37,43.38,31.68,86.9,36.41,20.94,12.0,15.48,,,,4.83,4.05,43.83,3.33,9.0,82.57,GTM_7
5.12,0.166666666666667,2015,8,GTM,-0.0316651679311993,33.48,5.78,84.02,,43.8,62.23,54.5,47.39,28.13,92.86,41.24,18.92,15.22,13.23,,,,6.66,5.12,41.93,5.02,12.68,74.27,GTM_8
8.75,0.0,2011,1,HND,0.12496693917725,63.86,8.06,94.88,,24.79,63.39,75.98,60.69,28.67,85.87,34.83,12.36,28.14,27.33,,,,9.68,8.75,66.4,5.22,29.07,,HND_1
8.74,0.0,2011,2,HND,-0.0975081092302156,41.53,7.23,91.4,,22.12,65.48,67.94,57.87,37.84,81.36,40.1,13.79,23.19,30.21,,,,8.54,8.74,60.32,5.14,18.45,,HND_2
9.44,0.0833333333333333,2011,3,HND,0.212255696982453,45.9,7.26,93.02,,21.12,73.5,75.74,56.95,28.64,81.27,38.39,14.58,25.47,25.25,,,,10.48,9.44,59.84,4.69,18.04,,HND_3
9.25,0.0833333333333333,2011,5,HND,0.0637198871435604,74.03,8.06,95.97,,39.25,63.55,87.36,59.12,33.45,86.08,28.56,8.43,34.37,29.86,,,,9.95,9.25,69.47,3.9,18.91,,HND_5
5.73,0.0,2011,6,HND,-0.284675651650407,36.58,6.77,92.04,,25.4,69.21,60.22,63.87,35.29,77.85,37.14,8.7,26.45,29.8,,,,6.7,5.73,42.61,4.41,15.22,,HND_6
8.77,0.0,2011,7,HND,-0.295489921843946,32.72,6.76,89.8,,21.45,79.99,57.3,65.57,32.42,81.09,35.65,12.96,24.65,19.18,,,,11.56,8.77,40.87,4.8,18.35,,HND_7
8.98,0.0,2011,8,HND,0.0241432659428838,77.34,8.98,96.28,,40.0,66.92,84.21,65.12,34.57,89.86,30.04,10.65,38.57,33.26,,,,10.51,8.98,68.72,4.0,15.14,,HND_8
7.51,0.0,2011,10,HND,0.0448959415627419,21.96,5.97,87.23,,15.73,84.26,38.7,45.73,34.93,69.88,43.12,18.21,20.76,18.26,,,,8.87,7.51,29.51,4.79,19.4,,HND_10
8.61,0.0833333333333333,2011,12,HND,-0.211378988811488,37.56,6.64,89.93,,23.89,81.88,56.03,64.15,26.48,68.6,39.43,20.85,23.11,17.51,,,,11.01,8.61,37.13,4.26,13.61,,HND_12
7.48,0.0833333333333333,2011,13,HND,-0.171490214230336,11.36,5.1,82.69,,10.7,83.1,37.36,48.7,27.38,75.66,41.7,13.9,14.91,14.63,,,,8.64,7.48,29.51,4.84,16.04,,HND_13
8.42,0.0833333333333333,2011,14,HND,0.202174455905651,31.51,5.95,87.09,,16.25,66.72,66.66,54.76,29.32,75.49,39.97,14.14,16.66,19.37,,,,10.17,8.42,51.16,4.05,23.6,,HND_14
9.36,0.0,2011,15,HND,0.0056001711151848,38.53,6.6,89.97,,15.05,71.76,56.41,63.47,31.14,72.35,43.03,15.86,19.61,23.92,,,,9.87,9.36,45.99,4.83,13.64,,HND_15
6.49,0.0,2011,17,HND,-0.0611323902676598,39.88,7.46,93.59,,23.06,70.59,69.07,66.15,35.94,76.41,37.62,9.38,31.22,33.09,,,,7.91,6.49,48.08,4.48,19.46,,HND_17
9.78,0.0,2011,18,HND,0.189808654802976,49.75,7.02,92.79,,25.79,73.78,70.7,65.87,29.4,80.78,36.64,8.6,27.42,25.86,,,,11.34,9.78,60.3,4.94,25.98,,HND_18
11.95,0.0,2000,1,HTI,-0.430209677381767,76.49,5.63,71.45,,33.22,78.07,56.3,85.62,,89.08,,,18.46,14.84,38.02,,,19.1,11.95,41.32,5.83,27.0,75.75,HTI_1
9.01,0.0,2000,2,HTI,-0.426866202935621,11.24,2.7,48.83,,13.78,45.12,5.97,81.04,,57.18,,,18.84,15.22,38.45,,,11.57,9.01,22.9,5.93,32.88,9.7,HTI_2
8.54,0.0,2000,3,HTI,-0.750025010069638,29.91,3.45,54.24,,28.94,55.03,17.88,78.41,,87.21,,,19.06,13.29,30.97,,,13.01,8.54,18.62,5.47,15.54,26.35,HTI_3
9.52,0.0,2000,4,HTI,-0.638551951536131,28.97,3.81,55.26,,26.91,51.74,3.08,79.18,,78.92,,,23.69,18.93,41.87,,,14.72,9.52,17.26,7.25,33.88,11.02,HTI_4
16.48,0.0,2000,5,HTI,-0.947991369505242,14.93,2.14,39.05,,12.97,48.4,10.25,83.69,,86.41,,,29.18,21.78,40.51,,,20.76,16.48,17.26,6.39,29.8,15.05,HTI_5
13.79,0.0,2000,6,HTI,-0.3601100432413,14.77,2.76,46.27,,14.76,36.44,8.85,73.76,,87.52,,,23.98,17.41,41.28,,,15.86,13.79,17.26,7.25,25.4,14.65,HTI_6
8.16,0.0,2000,7,HTI,-0.62913348919874,23.77,3.26,52.22,,26.71,54.14,14.19,80.56,,74.67,,,17.21,15.49,38.68,,,11.41,8.16,22.9,6.28,29.72,18.49,HTI_7
14.0,0.0,2000,8,HTI,-0.617033251124402,22.28,3.03,48.84,,24.1,44.07,5.59,86.3,,80.73,,,19.9,15.26,38.14,,,19.74,14.0,17.26,5.8,23.16,10.37,HTI_8
7.24,0.0,2000,9,HTI,-1.2531579754787,19.73,3.08,50.77,,25.7,49.68,6.37,84.39,,81.66,,,22.28,17.94,39.81,,,10.09,7.24,17.26,5.42,20.98,11.88,HTI_9
11.66,0.0,2006,1,HTI,0.422969924933471,65.0,6.59,75.29,,33.11,82.91,54.65,51.43,30.11,73.65,,,25.49,20.73,,,,12.2,11.66,34.51,5.64,17.99,70.78,HTI_1
7.49,0.0,2006,2,HTI,0.393506570867229,21.15,3.95,57.79,,16.64,63.55,13.05,41.99,29.07,58.92,,,17.79,19.52,,,,9.4,7.49,12.87,5.82,22.04,18.12,HTI_2
11.35,0.0,2006,3,HTI,0.548550762802129,51.49,4.7,66.63,,22.74,76.12,23.72,43.15,31.43,65.48,,,24.65,20.06,,,,9.36,11.35,14.05,4.75,19.13,29.7,HTI_3
11.47,0.0,2006,4,HTI,0.59699230966462,48.06,4.15,60.65,,18.83,69.61,4.04,42.79,32.32,62.08,,,19.02,17.57,,,,10.84,11.47,13.11,5.46,20.29,10.23,HTI_4
19.68,0.0,2006,5,HTI,0.540869603123371,37.18,3.95,56.07,,16.13,70.79,17.0,49.04,30.72,64.07,,,36.66,30.73,,,,17.24,19.68,12.79,5.05,17.23,25.89,HTI_5
9.27,0.0,2006,6,HTI,0.301387310325295,17.33,2.72,41.99,,15.89,48.73,5.34,56.14,36.97,65.38,,,35.72,29.09,,,,10.47,9.27,4.08,5.32,18.8,8.22,HTI_6
9.32,0.0833333333333333,2006,7,HTI,0.395323217602686,22.74,4.87,67.15,,14.4,82.72,23.85,40.93,20.63,61.51,,,16.98,15.46,,,,6.14,9.32,15.93,6.41,18.16,24.96,HTI_7
11.61,0.0833333333333333,2006,8,HTI,0.399131844616536,21.38,3.74,54.95,,15.93,60.45,10.28,36.87,28.45,60.89,,,16.18,15.4,,,,10.15,11.61,10.05,6.52,20.85,15.28,HTI_8
8.0,0.0,2006,9,HTI,0.553797609057112,32.81,4.12,60.97,,20.87,68.99,10.22,58.02,26.85,67.93,,,30.93,25.49,,,,8.32,8.0,10.43,5.13,10.0,10.9,HTI_9
11.19,0.0,2012,1,HTI,0.0279434407234857,67.39,7.39,80.33,,23.45,76.43,60.04,58.15,28.33,86.72,24.45,21.83,38.69,42.49,,,,11.97,11.19,43.28,5.9,18.52,71.23,HTI_1
7.48,0.0,2012,2,HTI,0.150970820299184,20.52,4.68,64.43,,15.56,60.05,14.81,44.26,34.08,72.41,36.77,39.09,35.28,33.9,,,,5.83,7.48,21.94,6.22,22.87,14.14,HTI_2
8.0,0.0,2012,3,HTI,0.0477462553115363,47.42,6.34,75.65,,20.89,73.36,35.39,49.41,32.51,82.36,27.75,30.2,30.68,39.24,,,,7.55,8.0,28.84,5.63,21.76,44.18,HTI_3
8.8,0.0,2012,4,HTI,0.0270292410738764,44.73,5.15,68.55,,20.62,63.88,17.18,50.95,34.29,78.25,33.41,35.7,29.85,42.49,,,,8.93,8.8,21.09,5.51,14.6,18.85,HTI_4
11.93,0.0,2012,5,HTI,0.119464273147645,31.21,5.19,67.02,,15.48,64.36,29.3,43.98,32.78,74.01,34.25,35.87,27.9,41.08,,,,10.38,11.93,20.04,5.51,16.4,34.97,HTI_5
11.96,0.0,2012,6,HTI,0.0617796677363614,20.81,4.1,55.88,,19.43,64.21,12.54,47.66,38.56,67.28,44.69,43.99,30.22,37.9,,,,12.23,11.96,14.61,6.15,20.59,15.03,HTI_6
7.49,0.0,2012,7,HTI,0.216393652542764,19.63,6.1,76.88,,19.85,63.94,26.85,51.46,30.65,83.22,24.88,25.47,29.61,36.35,,,,6.46,7.49,25.68,6.49,24.47,30.25,HTI_7
9.6,0.0,2012,8,HTI,0.156420559952607,21.2,4.81,65.26,,12.42,55.61,12.74,55.58,29.57,77.68,34.45,34.95,35.16,40.35,,,,9.4,9.6,16.95,6.43,25.15,14.45,HTI_8
8.1,0.0,2012,9,HTI,0.0790123435856361,34.47,5.64,73.09,,16.57,61.18,12.61,47.0,30.46,75.72,28.9,32.39,30.32,38.0,,,,7.12,8.1,20.23,5.49,17.45,13.76,HTI_9
12.29,0.333333333333333,2016,1,HTI,0.60025085389307,66.38,8.11,81.99,29.82,21.45,71.23,52.2,50.8,29.32,58.0,23.51,19.91,33.04,31.21,,33.55,66.15,11.82,12.29,41.22,5.36,23.85,70.54,HTI_1
6.86,0.166666666666667,2016,2,HTI,0.389211316141514,16.36,6.61,78.51,21.83,16.03,54.71,19.53,40.38,34.45,41.54,31.23,30.86,20.43,21.65,,23.88,68.76,6.32,6.86,19.95,5.98,21.55,24.94,HTI_2
10.86,0.25,2016,3,HTI,0.646077987875894,45.67,6.9,79.92,20.15,17.41,61.45,27.43,47.45,31.45,52.52,24.5,24.76,30.67,30.85,,36.34,66.19,8.22,10.86,25.56,5.71,18.26,45.65,HTI_3
10.08,0.25,2016,4,HTI,0.641801272870457,53.07,6.47,77.61,12.66,16.45,63.35,26.76,39.78,36.51,54.14,30.36,24.51,28.18,30.33,,40.56,63.19,7.35,10.08,22.5,5.16,14.36,44.79,HTI_4
10.03,0.333333333333333,2016,5,HTI,0.628580085034716,40.2,5.85,70.02,15.61,12.33,56.07,18.2,50.87,32.86,42.04,29.31,29.58,31.26,28.54,,35.28,66.42,10.26,10.03,17.43,5.94,19.07,35.37,HTI_5
9.12,0.333333333333333,2016,6,HTI,0.680498121565617,25.5,5.56,65.6,10.55,12.82,51.35,21.72,39.54,37.93,53.84,39.35,31.87,31.9,28.66,,27.71,59.79,10.7,9.12,15.49,6.37,21.69,43.49,HTI_6
8.3,0.166666666666667,2016,7,HTI,0.157850887416507,21.16,6.71,80.01,17.12,18.06,61.44,15.03,33.6,28.07,43.03,26.66,34.36,19.52,16.65,,23.59,65.55,8.85,8.3,19.95,6.25,23.87,22.72,HTI_7
8.42,0.166666666666667,2016,8,HTI,0.142252067622239,23.14,6.34,76.73,14.82,13.26,62.46,11.36,35.86,31.26,41.07,34.08,36.3,20.03,18.85,,27.52,68.37,7.77,8.42,12.97,6.46,25.5,14.25,HTI_8
8.76,0.25,2016,9,HTI,0.303649933362416,27.77,6.7,80.92,14.54,15.46,55.83,10.76,38.7,32.32,40.77,31.08,27.96,21.7,21.35,,32.7,70.35,5.92,8.76,17.43,5.06,18.61,17.16,HTI_9
24.69,0.0,2006,2,IND,0.209292354211618,34.61,4.42,49.6,,21.66,19.84,74.39,21.7,16.65,79.11,,,19.7,13.57,,,,25.19,24.69,35.43,6.25,11.84,91.66,IND_2
21.91,0.166666666666667,2006,3,IND,-0.258701275143626,18.77,5.61,62.97,,19.79,35.4,44.45,23.59,34.14,73.93,,,16.5,5.94,,,,24.22,21.91,20.4,8.1,34.56,40.84,IND_3
34.89,0.25,2006,4,IND,-0.106854984847421,18.77,3.12,37.02,,10.65,23.9,25.31,24.75,21.59,24.1,,,19.98,8.63,,,,36.21,34.89,14.05,5.61,12.29,33.58,IND_4
8.41,0.0,2006,5,IND,0.920050067447774,56.27,8.61,83.6,,57.05,41.77,87.35,40.91,23.34,80.08,,,32.77,13.3,,,,10.02,8.41,69.67,5.51,15.28,97.57,IND_5
13.46,0.0833333333333333,2006,6,IND,-0.0622953099069742,43.32,5.73,63.81,,31.27,23.46,62.02,26.22,23.21,57.28,,,33.37,7.7,,,,14.23,13.46,52.65,4.14,3.88,91.75,IND_6
17.71,0.0833333333333333,2006,7,IND,-0.265694345667429,30.27,5.68,60.42,,24.99,19.04,62.08,17.49,20.41,41.91,,,39.75,4.31,,,,17.61,17.71,46.89,4.45,6.56,92.97,IND_7
4.27,0.0833333333333333,2006,8,IND,-0.291845508241461,10.64,7.64,79.51,,32.53,34.47,72.36,22.96,24.35,34.32,,,31.86,9.05,,,,4.63,4.27,50.6,4.93,6.57,98.59,IND_8
6.86,0.0833333333333333,2006,9,IND,-0.117220842988242,29.31,5.56,53.85,,24.44,58.55,64.49,50.88,19.06,41.77,,,16.04,6.8,,,,7.0,6.86,41.4,5.2,15.31,95.24,IND_9
12.28,0.0,2006,10,IND,0.520109717125683,40.61,5.82,59.73,,27.19,32.43,69.5,24.73,26.04,71.28,,,19.92,12.89,,,,12.21,12.28,40.01,7.35,29.92,91.23,IND_10
9.93,0.0833333333333333,2006,11,IND,-0.036954879546716,34.75,9.46,92.96,,59.64,41.54,73.04,30.88,21.34,88.88,,,29.21,13.01,,,,10.38,9.93,58.12,6.51,26.43,91.49,IND_11
24.84,0.0833333333333333,2006,12,IND,0.008246303497209,27.03,3.93,44.55,,16.02,22.84,43.46,16.49,18.97,41.14,,,20.72,4.46,,,,25.2,24.84,19.21,4.73,6.1,75.27,IND_12
16.62,0.0,2006,13,IND,0.136131220077325,50.77,6.81,70.31,,39.27,33.7,69.4,19.07,28.97,65.76,,,33.85,5.46,,,,18.19,16.62,50.29,6.49,18.87,86.29,IND_13
20.84,0.166666666666667,2006,14,IND,-0.580680926206127,33.21,7.32,72.62,,44.13,79.68,71.58,17.56,26.09,66.1,,,17.61,2.88,,,,24.64,20.84,36.13,4.91,20.8,88.44,IND_14
11.37,0.166666666666667,2006,15,IND,-0.61459566948079,27.51,5.71,69.45,,30.3,19.19,49.41,18.86,28.96,52.27,,,23.75,15.96,,,,10.8,11.37,33.66,5.45,19.07,73.59,IND_15
13.08,0.0833333333333333,2006,16,IND,-0.448740004724101,56.39,7.66,94.0,,66.77,36.7,79.08,10.01,48.4,48.04,,,33.69,14.55,,,,15.99,13.08,52.55,4.53,15.84,93.64,IND_16
8.27,0.25,2006,17,IND,-0.33164554038759,29.45,6.24,75.16,,27.04,21.85,53.3,11.5,35.12,37.02,,,20.11,9.78,,,,9.62,8.27,38.04,6.63,21.16,84.19,IND_17
16.63,0.0833333333333333,2006,18,IND,0.0168884236801451,17.62,4.58,52.16,,11.54,22.35,52.09,16.0,18.11,54.28,,,38.13,6.7,,,,17.85,16.63,16.55,6.46,23.57,50.8,IND_18
17.24,0.0,2006,19,IND,-0.171217644476445,36.85,6.69,68.72,,31.9,19.0,80.44,28.13,22.55,68.3,,,46.71,6.31,,,,17.7,17.24,59.43,4.0,5.04,97.27,IND_19
21.46,0.0833333333333333,2006,20,IND,-0.331791633598369,29.31,3.15,36.19,,18.24,13.93,40.35,25.86,18.44,33.08,,,24.86,5.4,,,,21.75,21.46,27.75,4.44,5.9,69.49,IND_20
8.15,0.166666666666667,2006,21,IND,0.0088288855145373,21.29,5.73,72.3,,18.08,13.65,67.04,41.71,30.08,60.7,,,43.88,6.02,,,,7.43,8.15,50.8,5.01,12.31,93.58,IND_21
19.81,0.0833333333333333,2006,22,IND,0.222470221324197,48.01,6.83,69.37,,27.49,46.79,81.43,25.16,22.22,78.09,,,29.12,21.31,,,,20.86,19.81,38.62,6.58,22.18,90.7,IND_22
20.31,0.166666666666667,2006,23,IND,-0.298464019947893,30.72,4.72,58.79,,18.47,33.72,51.57,35.36,14.13,75.09,,,32.59,9.11,,,,20.88,20.31,29.35,7.29,23.97,52.43,IND_23
18.9,0.166666666666667,2006,24,IND,-0.681823376727015,25.85,4.19,45.84,,14.88,29.22,41.41,30.31,24.66,31.61,,,26.88,5.7,,,,20.08,18.9,19.7,4.61,7.02,50.04,IND_24
10.86,0.0833333333333333,2006,30,IND,-0.444054798889076,92.43,8.68,77.26,,47.03,47.76,89.5,38.85,29.37,92.98,,,35.73,6.05,,,,11.53,10.86,71.93,4.38,5.91,99.45,IND_30
26.49,0.25,2006,34,IND,0.138145843332689,28.74,4.42,52.66,,10.06,23.95,54.49,26.99,33.84,24.14,,,27.93,19.64,,,,30.97,26.49,39.89,6.2,23.61,78.34,IND_34
28.87,0.0833333333333333,2006,35,IND,-0.619383680609162,17.62,5.61,68.54,,18.85,23.83,67.19,27.13,25.33,62.36,,,26.23,8.89,,,,29.16,28.87,32.99,7.41,31.04,70.32,IND_35
8.09,0.0,2007,1,JOR,0.0596306660246298,54.71,6.55,76.85,,23.15,19.88,57.1,,,,,,26.2,6.08,,,,7.17,8.09,87.15,3.46,5.08,58.59,JOR_1
9.18,0.0,2007,2,JOR,0.132554455480465,41.8,5.87,73.13,,15.18,14.76,53.32,,,,,,27.26,6.75,,,,9.11,9.18,81.51,3.17,4.81,55.51,JOR_2
9.19,0.0,2007,3,JOR,-0.129374727440712,29.81,5.19,62.66,,16.99,15.29,49.27,,,,,,23.5,5.75,,,,7.91,9.19,83.81,3.14,3.56,52.21,JOR_3
8.13,0.0833333333333333,2012,1,JOR,-0.339162337069135,51.91,6.34,73.61,,21.81,23.05,55.15,,,,4.22,3.28,24.87,11.72,,,,7.13,8.13,87.15,3.46,4.65,57.3,JOR_1
6.29,0.166666666666667,2012,2,JOR,-0.311292106103464,41.7,6.36,71.65,,15.73,16.8,55.3,,,,3.37,5.28,19.04,10.2,,,,5.62,6.29,83.81,3.1,4.5,57.74,JOR_2
4.85,0.0833333333333333,2012,3,JOR,-0.135575083329428,34.68,6.18,70.74,,18.57,17.77,54.96,,,,2.59,4.27,18.77,6.33,,,,4.69,4.85,87.15,3.18,2.76,57.34,JOR_3
10.27,0.0833333333333333,2017,1,JOR,-0.508471135098976,57.63,7.18,58.7,46.5,14.05,17.77,45.11,,,,7.74,4.31,15.01,7.12,,5.39,7.28,9.29,10.27,88.69,3.5,4.51,,JOR_1
5.29,0.0833333333333333,2017,2,JOR,-0.672356880509048,49.77,6.57,56.49,41.6,10.25,9.17,45.3,,,,4.22,4.32,16.07,6.29,,6.91,5.71,4.24,5.29,82.25,3.33,3.97,,JOR_2
6.01,0.0833333333333333,2017,3,JOR,-0.345782705749859,44.18,7.0,56.73,40.02,7.36,11.91,40.99,,,,7.97,6.08,9.13,3.91,,7.85,5.82,5.17,6.01,88.69,3.13,3.52,,JOR_3
16.8,0.0,2003,1,KEN,0.227602251665142,100.0,9.86,91.83,,49.82,89.42,72.07,64.09,,85.0,,,45.88,10.55,83.45,,,29.05,16.8,56.35,6.02,16.69,82.5,KEN_1
23.43,0.0,2003,2,KEN,0.159557094501827,13.9,8.64,91.11,,25.69,84.51,35.47,41.51,,58.64,,,59.59,13.37,88.89,,,34.92,23.43,17.35,5.98,19.11,22.14,KEN_2
15.14,0.0833333333333333,2003,3,KEN,0.478086426042961,45.08,5.39,65.56,,21.05,64.77,26.25,57.33,,68.08,,,23.64,11.27,64.79,,,20.19,15.14,16.01,9.74,36.69,21.64,KEN_3
19.78,0.0,2003,4,KEN,0.299033260393843,8.7,7.02,81.58,,16.46,72.09,25.49,52.85,,59.33,,,50.25,10.78,80.98,,,29.3,19.78,12.49,6.54,20.64,5.85,KEN_4
35.17,0.0,2003,5,KEN,-0.012376085127657,11.8,6.89,79.79,,14.92,74.1,15.74,57.14,,34.33,,,23.37,14.56,71.29,,,46.91,35.17,9.66,8.27,17.88,6.09,KEN_5
26.22,0.0,2003,6,KEN,-0.0470299251749677,19.99,6.58,73.23,,23.67,71.5,26.72,45.27,,57.5,,,45.69,11.74,89.67,,,36.06,26.22,10.87,7.32,21.52,12.76,KEN_6
41.8,0.0,2003,7,KEN,0.0166328458861369,9.57,6.68,77.4,,15.81,82.5,14.24,66.48,,40.23,,,26.82,10.78,80.56,,,60.11,41.8,9.66,7.28,18.99,1.54,KEN_7
23.54,0.0,2003,8,KEN,0.316234666496908,20.51,0.46,6.37,,1.28,12.66,1.77,66.87,,59.92,,,8.19,3.94,74.16,,,28.71,23.54,3.7,12.45,41.3,3.38,KEN_8
15.36,0.0833333333333333,2008,1,KEN,-0.211107275200423,100.0,11.23,95.85,,59.12,87.75,86.14,39.3,27.9,96.52,,,26.05,10.69,80.63,,,20.95,15.36,59.41,5.36,9.28,89.29,KEN_1
18.0,0.0,2008,3,KEN,-0.37547245008659,55.1,6.42,72.4,,25.75,65.17,34.62,47.71,22.61,82.8,,,22.41,11.31,75.11,,,18.24,18.0,22.88,8.01,28.67,30.36,KEN_3
28.03,0.0833333333333333,2008,7,KEN,0.18895878908281,11.24,7.49,84.38,,17.4,80.44,23.43,48.62,31.33,69.84,,,36.16,14.2,79.48,,,33.89,28.03,14.05,7.02,17.05,5.62,KEN_7
22.87,0.0833333333333333,2008,8,KEN,-0.27207111024699,19.46,1.82,21.24,,6.95,25.69,9.48,36.21,41.07,74.99,,,11.86,8.96,90.77,,,26.77,22.87,4.08,12.56,61.82,13.73,KEN_8
12.29,0.0,2000,1,KHM,0.608818526172507,16.86,2.63,51.04,,7.91,21.54,31.87,40.25,,51.55,,,,,,,,12.29,12.29,26.9,3.54,22.21,18.77,KHM_1
16.18,0.0,2000,2,KHM,0.302096822315367,3.84,2.82,60.39,,7.29,45.01,52.39,63.22,,29.68,,,,,,,,16.18,16.18,26.9,3.1,5.01,7.77,KHM_2
18.65,0.0,2000,3,KHM,0.585095131907353,13.93,2.72,68.73,,9.89,53.62,64.48,26.92,,31.81,,,,,,,,18.65,18.65,20.42,2.64,15.15,10.74,KHM_3
9.85,0.0,2000,4,KHM,0.425731810030768,6.75,2.4,53.35,,8.08,32.99,56.05,46.83,,10.01,,,,,,,,9.85,9.85,20.42,2.79,13.38,4.51,KHM_4
13.37,0.0,2000,5,KHM,0.666951614356215,11.5,3.02,68.75,,9.87,41.63,22.64,44.35,,19.48,,,,,,,,13.37,13.37,20.42,2.68,6.02,11.19,KHM_5
19.51,0.0,2000,6,KHM,0.289856575613019,7.3,3.44,69.95,,7.42,36.59,60.97,24.84,,61.63,,,,,,,,19.51,19.51,26.9,2.71,18.65,9.19,KHM_6
11.64,0.0,2000,7,KHM,0.484013735331454,34.34,4.08,79.81,,15.83,39.78,32.15,71.35,,25.19,,,,,,,,11.64,11.64,23.11,3.91,8.84,23.77,KHM_7
18.41,0.0,2000,8,KHM,0.289627700539101,57.67,6.4,91.0,,40.62,60.36,89.24,67.9,,94.4,,,,,,,,18.41,18.41,69.0,4.36,33.02,95.53,KHM_8
7.62,0.0,2000,9,KHM,0.324396455970229,6.07,2.66,64.6,,6.0,45.82,65.51,32.46,,9.41,,,,,,,,7.62,7.62,26.9,2.44,4.03,2.73,KHM_9
33.83,0.0,2000,10,KHM,0.465601230889635,17.57,2.77,62.68,,7.24,30.87,49.61,51.6,,19.65,,,,,,,,33.83,33.83,20.42,2.82,18.43,15.24,KHM_10
31.24,0.0,2000,11,KHM,0.635569684404388,16.18,2.31,51.56,,6.23,40.3,46.78,68.49,,29.4,,,,,,,,31.24,31.24,20.42,2.9,9.37,12.26,KHM_11
15.41,0.0,2000,12,KHM,-0.0141319950307895,4.73,3.24,63.17,,15.24,55.07,40.03,37.83,,11.56,,,,,,,,15.41,15.41,26.9,2.42,5.98,7.11,KHM_12
15.24,0.0,2000,13,KHM,0.195493413007619,4.67,3.81,75.98,,6.71,69.24,77.46,36.66,,18.64,,,,,,,,15.24,15.24,26.9,2.26,12.5,4.99,KHM_13
35.26,0.0,2000,14,KHM,0.480046691833258,30.26,2.41,47.4,,6.0,13.56,22.89,92.58,,40.97,,,,,,,,35.26,35.26,20.42,3.75,9.11,13.58,KHM_14
14.86,0.0,2000,15,KHM,0.484739766228933,22.16,3.93,73.82,,11.36,56.89,63.18,30.74,,50.5,,,,,,,,14.86,14.86,26.9,4.12,23.71,24.61,KHM_15
15.19,0.0,2000,16,KHM,0.365717012809222,30.52,3.47,64.94,,13.79,50.54,51.13,43.83,,39.79,,,,,,,,15.19,15.19,20.42,2.87,13.98,22.78,KHM_16
14.42,0.0,2000,18,KHM,0.388267242163797,23.71,2.4,56.99,,4.52,11.86,5.36,56.9,,15.1,,,,,,,,14.42,14.42,20.42,4.09,22.3,11.21,KHM_18
9.49,0.0,2000,19,KHM,0.347974821883781,24.21,1.18,24.89,,8.38,12.55,15.68,44.13,,14.5,,,,,,,,9.49,9.49,20.42,4.27,18.3,20.7,KHM_19
11.19,0.0833333333333333,2005,1,KHM,-0.316497702924301,18.78,3.37,64.8,,2.9,42.19,61.89,82.86,48.05,62.49,,,34.65,16.43,,,,12.88,11.19,30.29,2.92,6.61,20.63,KHM_1
11.25,0.0833333333333333,2005,2,KHM,-0.171255094150105,2.59,3.62,66.83,,4.66,38.02,61.49,38.14,69.1,45.24,,,80.21,26.64,,,,11.84,11.25,34.94,2.38,6.46,14.78,KHM_2
6.16,0.0833333333333333,2005,3,KHM,-0.0378211287605723,9.98,4.12,72.53,,14.44,70.36,71.22,77.27,49.22,36.1,,,81.35,12.0,,,,7.42,6.16,32.46,2.32,8.72,7.58,KHM_3
7.27,0.0,2005,4,KHM,-0.225018973665358,9.0,3.67,59.5,,8.8,52.81,67.67,82.97,39.62,34.79,,,72.97,13.28,,,,9.49,7.27,30.29,2.22,9.45,8.98,KHM_4
7.05,0.0833333333333333,2005,5,KHM,-0.092205338114776,10.79,3.89,72.19,,16.61,39.81,44.77,65.26,58.62,48.53,,,57.47,24.57,,,,6.0,7.05,24.8,2.56,5.4,16.77,KHM_5
5.89,0.0833333333333333,2005,6,KHM,0.103847705629471,6.11,5.03,78.65,,12.19,70.34,87.69,59.75,63.69,58.41,,,61.86,21.77,,,,6.78,5.89,42.6,3.19,8.67,27.84,KHM_6
4.48,0.0833333333333333,2005,7,KHM,-0.0875632003237359,32.0,3.84,68.27,,15.95,42.35,56.0,76.59,49.67,34.57,,,45.58,18.75,,,,6.05,4.48,32.76,3.65,18.03,13.39,KHM_7
4.02,0.0833333333333333,2005,8,KHM,0.111679006556854,58.67,6.58,87.0,,40.04,54.13,92.32,57.33,56.17,92.87,,,79.36,13.46,,,,7.06,4.02,74.01,4.92,28.21,93.36,KHM_8
10.58,0.0833333333333333,2005,9,KHM,0.100190002146733,6.19,3.76,60.19,,5.94,41.91,68.13,70.59,66.99,28.27,,,53.46,18.0,,,,14.4,10.58,32.76,2.39,4.44,9.93,KHM_9
10.21,0.0833333333333333,2005,10,KHM,-0.0944189713513123,15.23,3.62,64.06,,8.32,58.15,54.74,48.22,70.94,29.33,,,12.97,5.23,,,,12.01,10.21,29.15,2.78,4.49,12.81,KHM_10
8.16,0.0833333333333333,2005,11,KHM,-0.0869900662529635,19.44,2.89,50.92,,15.27,45.96,71.25,55.41,62.04,55.32,,,59.59,14.3,,,,7.4,8.16,34.94,2.3,10.79,23.89,KHM_11
1.59,0.0833333333333333,2005,12,KHM,0.132787821405914,4.27,4.06,68.26,,9.12,60.8,68.21,68.55,62.37,30.81,,,55.4,16.29,,,,1.4,1.59,34.94,2.05,3.1,12.36,KHM_12
6.43,0.0,2005,13,KHM,0.115882473658312,4.75,4.65,78.11,,7.42,43.17,69.7,76.28,80.55,39.35,,,68.17,6.74,,,,6.78,6.43,34.94,2.13,6.86,5.25,KHM_13
18.0,0.0833333333333333,2005,14,KHM,-0.143434874227129,17.48,2.28,54.08,,4.24,29.38,26.8,56.68,50.94,11.56,,,0.13,3.19,,,,18.27,18.0,24.8,3.1,5.6,5.29,KHM_14
4.25,0.0833333333333333,2005,15,KHM,-0.119776214479804,22.01,4.6,82.45,,20.5,65.97,81.93,48.12,62.39,65.13,,,33.9,5.1,,,,3.5,4.25,34.94,3.45,19.04,23.45,KHM_15
2.42,0.0,2005,16,KHM,-0.0367048561192976,31.15,4.07,64.97,,7.91,48.37,50.58,75.33,59.48,36.82,,,69.53,21.24,,,,3.52,2.42,32.46,2.81,12.37,24.66,KHM_16
10.9,0.0833333333333333,2005,18,KHM,-0.140368044834157,20.56,2.88,49.11,,7.86,36.86,9.5,76.71,45.1,21.01,,,59.5,20.18,,,,13.86,10.9,24.8,4.17,16.72,11.36,KHM_18
11.7,0.0833333333333333,2005,19,KHM,-0.141837695404,18.26,1.75,32.98,,5.65,17.2,21.62,18.05,48.32,23.63,,,17.1,5.45,,,,13.43,11.7,28.65,3.66,7.86,17.29,KHM_19
12.76,0.0,2014,1,KHM,0.231158220831408,24.21,4.98,72.51,,4.62,24.86,74.87,35.78,32.03,87.79,67.75,64.36,8.45,5.7,,,,14.17,12.76,59.05,3.65,8.16,79.19,KHM_1
17.04,0.0,2014,2,KHM,0.264754181539106,8.61,4.82,74.76,,3.77,26.24,53.21,87.57,53.63,64.72,56.17,48.91,65.0,18.11,,,,18.3,17.04,46.05,2.98,8.35,48.56,KHM_2
3.07,0.0,2014,3,KHM,0.144725049926933,8.75,5.81,80.46,,6.93,34.32,41.4,43.51,51.62,96.7,68.4,51.57,22.13,11.24,,,,3.7,3.07,44.24,2.67,4.8,37.8,KHM_3
6.58,0.0,2014,4,KHM,0.0112553053304128,7.82,5.42,72.17,,3.64,34.82,59.66,77.53,62.18,99.0,86.85,84.46,30.91,12.91,,,,7.53,6.58,46.05,2.79,8.24,53.02,KHM_4
6.73,0.0,2014,5,KHM,0.334496393429529,5.25,4.8,79.11,,5.48,36.34,58.35,90.3,52.44,94.39,64.72,56.21,64.97,9.13,,,,8.52,6.73,43.74,2.87,11.81,33.95,KHM_5
7.04,0.0,2014,6,KHM,0.0357443087199208,10.3,5.83,79.54,,5.64,45.39,87.06,77.65,53.3,99.17,78.0,53.06,49.72,24.77,,,,8.26,7.04,59.09,2.42,9.4,86.49,KHM_6
9.93,0.0,2014,7,KHM,0.646523692375339,10.52,4.3,69.93,,2.88,24.75,18.79,80.62,30.61,44.54,67.24,65.11,42.01,8.57,,,,10.6,9.93,37.3,3.94,8.9,21.72,KHM_7
2.39,0.0,2014,8,KHM,0.0274581139915275,82.47,8.39,91.33,,26.85,49.07,89.54,70.75,54.23,95.95,35.19,31.72,32.31,18.9,,,,3.26,2.39,74.72,4.11,15.04,99.92,KHM_8
4.26,0.0,2014,9,KHM,0.0430283372365271,3.18,4.59,67.91,,3.35,34.44,68.33,78.94,46.24,94.18,62.28,61.4,45.11,3.36,,,,3.87,4.26,49.16,2.55,10.47,48.93,KHM_9
5.74,0.0,2014,10,KHM,0.106941158019037,4.92,4.93,72.34,,3.45,22.55,42.96,80.43,41.06,84.62,57.54,55.53,51.99,20.4,,,,7.42,5.74,39.8,2.91,8.27,33.58,KHM_10
11.44,0.0,2014,11,KHM,0.345908740369117,17.92,4.5,67.02,,6.81,29.6,40.49,66.45,60.08,63.37,69.67,43.48,49.07,15.86,,,,16.01,11.44,44.36,2.85,8.14,44.69,KHM_11
3.68,0.0,2014,12,KHM,0.0268605361244613,3.7,5.21,74.2,,3.58,21.71,64.23,89.73,58.32,87.19,73.13,74.17,68.71,40.66,,,,4.88,3.68,48.37,2.19,8.12,42.25,KHM_12
8.48,0.0,2014,13,KHM,-0.0063435086531375,1.92,6.14,79.99,,5.79,24.41,65.37,70.79,52.25,72.86,61.94,60.9,50.17,21.95,,,,9.34,8.48,53.11,3.12,14.07,80.58,KHM_13
12.5,0.0,2014,14,KHM,0.308906856278203,7.03,4.2,58.56,,5.73,18.78,36.36,66.72,55.45,90.29,73.43,62.48,28.97,10.66,,,,13.63,12.5,39.44,3.55,11.37,27.62,KHM_14
4.87,0.0,2014,15,KHM,0.134524803199441,16.0,6.24,84.11,,11.79,41.28,76.25,79.38,56.35,98.71,50.9,48.76,46.0,29.35,,,,6.07,4.87,60.67,3.88,10.69,76.76,KHM_15
7.2,0.0,2014,16,KHM,0.0106944683127886,20.3,5.96,79.78,,5.27,17.2,43.09,80.25,40.57,58.42,57.04,48.01,69.39,17.48,,,,8.45,7.2,48.06,3.08,9.77,67.58,KHM_16
10.23,0.0,2014,18,KHM,0.672754642596573,9.23,4.01,54.38,,2.06,22.45,21.76,55.8,42.08,69.32,58.54,59.63,9.53,19.83,,,,11.03,10.23,37.24,3.28,2.77,22.56,KHM_18
6.66,0.0,2014,19,KHM,0.683843059097881,11.98,3.68,53.14,,10.77,32.22,29.37,23.95,63.36,94.33,57.31,57.33,36.94,6.97,,,,7.73,6.66,37.71,4.02,10.16,46.76,KHM_19
26.38,0.0,2007,1,LBR,0.0304221141295211,75.87,5.14,53.46,,26.82,65.36,47.41,21.4,29.08,57.68,,,,42.8,,,,32.5,26.38,21.57,6.82,30.22,7.08,LBR_1
27.94,0.0833333333333333,2007,2,LBR,-0.187395391184316,13.96,1.96,22.57,,4.57,32.38,22.42,11.15,64.57,26.14,,,,43.16,,,,27.99,27.94,10.94,8.79,32.05,0.07,LBR_2
37.47,0.0,2007,4,LBR,0.168685878398006,27.2,2.38,27.1,,5.15,43.05,18.24,14.84,29.57,18.57,,,,53.59,,,,42.15,37.47,9.11,8.04,35.61,0.64,LBR_4
18.18,0.0833333333333333,2007,5,LBR,0.0649709904480344,13.65,2.79,32.51,,9.74,35.05,13.32,13.74,41.97,8.82,,,,15.03,,,,20.01,18.18,9.11,7.68,28.11,1.01,LBR_5
33.24,0.0,2007,6,LBR,-0.060872885517235,9.47,2.18,30.77,,4.92,32.75,10.52,26.76,36.8,8.74,,,,25.24,,,,32.47,33.24,9.11,6.97,29.36,0.3,LBR_6
28.1,0.0833333333333333,2006,1,MLI,-0.225505591634112,16.27,0.68,8.98,,1.53,73.85,29.7,86.83,,20.9,,,14.07,15.45,74.43,,,29.43,28.1,13.11,14.35,63.55,11.13,MLI_1
16.46,0.0,2006,2,MLI,-0.0922967628756968,15.98,1.02,14.01,,2.81,76.87,40.81,89.06,,52.04,,,10.93,14.29,58.65,,,19.01,16.46,13.49,12.46,55.93,6.64,MLI_2
25.91,0.0833333333333333,2006,3,MLI,-0.0637722664688165,17.3,0.93,11.4,,3.19,72.24,43.64,83.31,,44.57,,,7.72,11.05,43.73,,,28.39,25.91,17.11,11.73,45.5,10.3,MLI_3
17.1,0.0,2006,4,MLI,-0.155551802247483,22.19,1.36,16.2,,3.91,65.45,37.3,85.98,,58.2,,,12.91,11.93,43.02,,,19.16,17.1,16.87,10.39,46.24,15.45,MLI_4
11.06,0.0,2006,5,MLI,-0.151640712527946,32.88,0.74,9.65,,5.27,55.84,29.26,87.17,,77.72,,,15.35,9.19,32.95,,,12.85,11.06,10.05,12.28,54.52,8.06,MLI_5
4.31,0.0,2006,6,MLI,-0.0514472475620569,24.83,0.91,10.47,,4.39,63.67,23.94,75.08,,80.79,,,6.25,6.75,47.08,,,4.92,4.31,7.14,13.01,73.02,11.75,MLI_6
5.07,0.0,2006,7,MLI,0.171120627791754,48.1,1.49,20.01,,4.15,47.46,25.88,97.83,,78.86,,,5.83,6.22,42.01,,,6.01,5.07,8.09,12.33,61.69,13.38,MLI_7
13.73,0.0833333333333333,2006,9,MLI,0.107560374396245,100.0,3.97,43.26,,16.55,87.01,86.88,91.28,,85.31,,,16.11,13.45,48.2,,,17.26,13.73,47.07,10.3,48.98,75.38,MLI_9
19.01,0.0833333333333333,2012,1,MLI,0.235197392135598,16.8,1.23,14.99,,4.06,53.71,30.68,77.42,13.39,48.85,51.2,40.35,7.09,6.34,,,,17.61,19.01,20.98,13.48,61.82,24.06,MLI_1
21.16,0.0833333333333333,2012,2,MLI,0.0162019607394825,7.25,1.75,19.56,,4.95,50.81,31.22,77.53,11.29,60.88,54.05,42.24,8.74,7.01,,,,19.55,21.16,22.84,11.62,55.57,24.56,MLI_2
36.98,0.0,2012,3,MLI,0.128667284391437,19.47,1.54,17.62,,4.55,48.7,30.8,74.83,13.5,49.13,53.49,44.59,6.35,7.15,,,,31.28,36.98,23.62,12.11,58.67,24.21,MLI_3
21.1,0.0,2012,4,MLI,0.217608646331991,11.55,1.18,14.55,,3.4,35.9,21.4,73.9,7.77,46.94,51.56,43.09,5.68,5.58,,,,18.21,21.1,20.56,10.22,47.93,17.45,MLI_4
21.43,0.0833333333333333,2012,9,MLI,0.0026786445178014,100.0,4.86,50.71,,15.38,64.76,73.65,79.66,19.97,83.17,31.46,19.27,11.56,13.8,,,,16.23,21.43,52.37,10.6,61.08,85.06,MLI_9
22.53,0.166666666666667,2018,1,MLI,-0.320420086838446,15.85,1.72,20.65,12.91,1.27,50.37,35.38,87.89,8.6,48.14,46.68,45.9,6.05,3.06,,39.35,50.41,20.63,22.53,25.06,13.24,59.98,39.06,MLI_1
23.59,0.166666666666667,2018,2,MLI,-0.17333004961421,7.47,2.59,26.29,10.8,4.01,50.25,43.94,83.74,9.86,57.4,29.8,35.25,8.02,9.13,,39.82,57.96,23.95,23.59,31.28,10.85,50.0,55.38,MLI_2
17.01,0.0833333333333333,2018,3,MLI,0.0254411745549003,12.06,1.85,22.16,3.45,1.2,39.57,38.16,78.15,4.42,48.59,36.31,43.16,5.24,3.88,,18.35,34.07,12.83,17.01,32.23,10.59,43.21,57.58,MLI_3
22.87,0.0,2018,4,MLI,-0.0326297226193996,6.98,1.71,20.15,5.74,1.52,44.08,36.26,77.99,12.5,64.71,24.51,22.66,1.66,3.75,,41.09,51.6,22.97,22.87,29.19,9.16,35.43,50.12,MLI_4
12.17,0.0,2018,5,MLI,-0.0326939183644366,9.96,1.45,15.54,3.37,1.9,30.91,26.2,80.54,10.22,64.14,33.64,46.21,20.4,13.43,,46.5,46.66,9.23,12.17,21.9,10.38,50.19,27.35,MLI_5
9.52,0.0,2018,6,MLI,-0.0855730032554005,10.09,1.44,18.63,6.59,2.58,35.37,26.09,67.42,7.93,69.49,52.65,33.89,6.74,6.64,,66.72,69.36,6.53,9.52,14.63,13.64,75.05,22.42,MLI_6
17.79,0.0,2018,7,MLI,0.106080912836543,20.39,1.58,19.37,4.84,4.09,63.15,19.19,78.35,6.38,59.87,17.78,7.53,6.93,6.48,,46.62,29.83,15.93,17.79,14.26,13.88,62.8,17.73,MLI_7
20.36,0.166666666666667,2018,9,MLI,-0.116233289594585,100.0,5.27,55.94,37.51,6.72,58.05,75.62,88.11,9.41,93.76,12.13,3.2,10.16,8.79,,49.33,52.1,17.82,20.36,57.33,10.92,63.47,92.73,MLI_9
15.58,0.08333333,2011,1,MOZ,-0.07578295,25.33,2.92,31.8,,7.12,44.99,9.41,56.74,41.41,18.79,52.73,49.52,10.59,3.79,,,,16.16,15.58,14.05,6.81,17.76,11.39,MOZ_1
23.31,0.08333333,2011,2,MOZ,-0.07825322,15.2,2.39,24.45,,4.35,27.57,7.32,34.66,36.89,7.04,71.88,77.13,49.53,12.75,,,,23.88,23.31,13.11,5.75,20.7,7.49,MOZ_2
31.39,0.0,2011,3,MOZ,0.008569396,35.17,3.2,28.16,,7.59,47.54,19.0,40.36,23.21,7.06,82.67,63.38,16.25,8.46,,,,33.97,31.39,13.11,4.79,14.32,18.63,MOZ_3
24.12,0.0,2011,4,MOZ,-0.1300814,16.94,2.55,24.58,,3.02,36.96,6.72,28.69,27.36,16.66,78.2,54.69,13.59,8.36,,,,26.46,24.12,11.15,4.97,13.28,8.78,MOZ_4
21.51,0.08333333,2011,5,MOZ,-0.09161065,11.75,2.94,23.83,,9.62,66.44,19.14,52.68,38.29,79.46,67.27,66.35,14.05,10.96,,,,25.71,21.51,10.05,5.84,14.06,14.12,MOZ_5
28.8,0.0,2011,6,MOZ,-0.2317698,36.56,4.94,49.38,,18.12,38.33,21.66,38.0,25.02,55.7,70.0,61.93,26.78,22.9,,,,32.6,28.8,19.14,7.33,22.62,27.65,MOZ_6
21.48,0.0,2011,7,MOZ,-0.183896,44.74,3.82,39.65,,12.16,48.75,30.07,38.48,25.58,30.07,47.32,48.27,18.0,8.15,,,,23.92,21.48,18.83,7.51,26.2,24.14,MOZ_7
22.51,0.08333333,2011,8,MOZ,-0.07185054,29.23,4.13,51.73,,2.34,26.73,17.13,45.68,20.48,28.28,61.21,45.17,21.4,12.83,,,,25.47,22.51,14.05,7.81,23.03,27.06,MOZ_8
19.22,0.1666667,2011,9,MOZ,-0.11824,30.46,4.33,55.82,,5.61,25.88,27.71,47.98,17.77,85.89,56.82,34.18,21.02,12.78,,,,20.65,19.22,16.87,6.99,15.26,31.08,MOZ_9
17.53,0.08333333,2011,10,MOZ,-0.1165105,73.84,6.32,76.76,,12.72,37.21,55.93,60.56,18.05,72.11,51.82,32.09,37.25,46.37,,,,21.01,17.53,43.65,6.06,14.25,68.94,MOZ_10
15.78,0.08333333,2011,11,MOZ,-0.1492522,100.0,7.81,85.73,,20.88,50.68,86.16,59.64,18.51,96.93,29.65,18.46,36.59,22.98,,,,20.75,15.78,63.59,5.84,16.42,90.89,MOZ_11
14.63,0.1666667,2004,1,MWI,-0.01445652,19.81,6.55,78.19,,18.94,66.22,10.33,50.45,,36.01,,,25.76,6.46,77.93,,,18.34,14.63,12.7,7.09,16.31,13.53,MWI_1
17.34,0.08333333,2004,2,MWI,0.1536573,17.53,4.59,60.87,,13.35,66.72,9.14,29.31,,26.99,,,17.78,7.4,68.68,,,21.67,17.34,12.7,5.51,9.96,8.06,MWI_2
16.56,0.0,2004,3,MWI,0.3831623,17.35,4.3,59.13,,10.79,66.58,7.95,40.44,,21.74,,,15.52,5.55,56.69,,,19.14,16.56,13.67,6.05,11.31,8.28,MWI_3
17.95,0.25,2010,1,MWI,0.1054756,9.94,7.02,79.66,,15.71,64.99,19.05,44.25,21.4,37.63,,,28.74,11.82,,,,16.22,17.95,11.15,6.55,15.17,8.87,MWI_1
12.98,0.25,2010,2,MWI,0.1120328,18.61,4.97,64.48,,10.38,54.62,13.08,31.99,26.03,45.8,,,12.26,8.46,,,,14.4,12.98,10.05,5.2,8.6,8.6,MWI_2
14.45,0.1666667,2010,3,MWI,-0.2223606,20.99,5.29,67.5,,12.17,58.04,17.8,39.1,21.66,46.26,,,17.52,9.48,,,,15.35,14.45,12.79,5.75,12.29,14.36,MWI_3
19.66,0.08333333,2015,1,MWI,-0.726257,18.09,7.26,80.8,5.31,10.01,33.23,16.45,25.07,25.6,35.74,60.54,60.06,23.75,10.83,,12.38,19.88,17.26,19.66,19.46,6.3,16.05,14.54,MWI_1
14.59,0.1666667,2015,2,MWI,-0.4086435,19.14,5.88,70.75,5.6,8.54,31.69,10.39,28.21,22.76,28.54,59.21,56.81,18.25,8.46,,10.36,28.14,14.77,14.59,16.32,4.85,7.64,11.96,MWI_2
16.71,0.1666667,2015,3,MWI,-0.4687817,17.57,5.71,71.11,3.44,7.57,27.56,11.29,29.52,25.13,33.44,58.57,57.86,17.53,8.18,,15.65,36.12,17.25,16.71,17.5,5.24,11.71,14.93,MWI_3
13.62,0.0,2013,1,NAM,0.08696213,35.55,8.75,92.09,,17.85,58.37,36.18,44.29,28.08,94.3,54.52,45.8,46.59,41.76,,,,24.5,13.62,21.61,6.02,19.62,43.05,NAM_1
13.31,0.3333333,2013,2,NAM,-0.4563577,93.93,9.95,97.58,,60.42,66.41,65.32,39.03,23.2,97.06,32.46,17.25,45.96,24.23,,,,16.74,13.31,72.72,4.31,21.03,82.27,NAM_2
14.51,0.0,2013,3,NAM,-0.4945652,72.11,9.04,95.44,,56.53,73.35,68.84,25.83,24.31,90.44,32.96,14.48,35.76,17.8,,,,18.02,14.51,67.84,4.2,25.62,84.52,NAM_3
17.83,0.08333333,2013,4,NAM,-0.218987,65.72,9.32,95.92,,33.97,53.48,51.93,30.4,23.72,90.39,29.09,19.76,45.58,26.26,,,,24.93,17.83,59.41,4.32,16.94,74.33,NAM_4
34.75,0.0,2013,5,NAM,0.008271633,35.32,7.33,90.29,,10.28,33.87,21.67,50.06,23.73,73.15,48.1,36.21,35.87,35.61,,,,34.44,34.75,16.38,6.39,21.87,25.95,NAM_5
13.38,0.1666667,2013,6,NAM,-0.6237583,98.34,10.91,96.49,,69.88,67.36,67.27,38.13,28.32,89.19,31.49,14.8,48.21,25.76,,,,14.12,13.38,72.72,4.67,9.69,77.0,NAM_6
12.35,0.5,2013,7,NAM,0.0253759,42.5,6.72,76.51,,23.25,58.3,42.7,34.65,40.54,91.73,37.31,19.55,21.33,24.75,,,,11.01,12.35,31.07,7.42,32.63,55.79,NAM_7
6.94,0.0,2013,8,NAM,-0.0008295185,16.23,7.83,91.56,,15.77,58.38,15.45,42.72,9.53,86.62,23.35,19.77,65.41,10.8,,,,16.5,6.94,14.61,7.72,32.79,17.85,NAM_8
22.85,0.1666667,2013,9,NAM,-0.3247688,44.72,7.1,77.18,,22.49,66.42,33.89,41.41,34.71,88.48,31.49,18.46,38.38,27.92,,,,26.38,22.85,34.86,5.46,23.88,38.3,NAM_9
5.38,0.0,2013,10,NAM,0.149837,6.18,8.36,93.86,,15.17,36.64,6.1,47.33,46.77,75.84,19.85,19.67,47.69,21.25,,,,6.81,5.38,20.84,6.8,59.25,11.29,NAM_10
10.85,0.08333333,2013,11,NAM,0.0008440897,59.11,9.93,97.96,,41.34,61.46,33.44,32.77,21.96,88.99,21.5,20.18,50.26,10.7,,,,9.49,10.85,32.49,5.97,25.15,38.03,NAM_11
11.48,0.0,2013,12,NAM,-0.09807674,20.26,8.77,94.87,,33.13,60.92,29.03,54.57,13.26,80.34,24.76,23.5,75.59,32.03,,,,15.36,11.48,23.99,5.77,28.86,32.13,NAM_12
15.72,0.1666667,2013,13,NAM,-0.2432153,73.67,8.15,87.3,,35.55,56.76,51.77,35.15,16.2,93.87,26.81,19.08,35.77,23.65,,,,21.53,15.72,59.23,5.48,25.7,77.89,NAM_13
19.99,0.0,2008,1,NGA,-0.2609603,29.2,5.72,47.65,,10.03,47.65,32.21,46.11,14.41,52.14,,,7.53,7.88,,,,19.94,19.99,25.34,9.92,40.52,34.44,NGA_1
14.6,0.0,2008,2,NGA,-0.1665594,26.27,2.47,22.78,,3.09,35.19,14.42,71.89,6.34,53.25,,,3.49,3.06,,,,13.73,14.6,14.71,11.25,48.92,25.81,NGA_2
6.42,0.0,2008,3,NGA,-0.2696624,20.41,2.17,21.07,,3.84,48.11,17.89,86.31,3.95,87.67,,,3.05,2.11,,,,5.21,6.42,20.4,12.35,61.06,38.2,NGA_3
15.63,0.0,2008,4,NGA,-0.1803446,44.03,9.22,81.34,,17.99,53.99,44.66,26.73,20.38,51.44,,,9.01,7.11,,,,17.2,15.63,39.93,10.37,46.87,66.7,NGA_4
23.85,0.0,2008,5,NGA,-0.06840548,33.03,8.96,77.78,,19.68,53.86,58.59,59.11,16.1,58.57,,,18.23,10.27,,,,25.77,23.85,36.23,8.56,33.01,59.08,NGA_5
15.13,0.0,2008,6,NGA,0.1471591,61.59,9.08,79.77,,18.28,76.95,68.54,70.08,10.29,85.64,,,22.47,8.27,,,,12.98,15.13,43.82,8.52,32.62,75.17,NGA_6
14.03,0.08333333,2013,1,NGA,-0.1005866,27.3,6.34,54.29,,9.25,42.67,43.3,48.27,10.19,76.49,35.77,20.64,5.85,7.59,,,,13.33,14.03,31.47,9.27,30.12,47.7,NGA_1
13.0,0.08333333,2013,2,NGA,0.6207292,27.39,3.15,28.29,,4.47,19.15,15.7,73.52,10.16,64.83,4.78,6.12,1.65,1.11,,,,9.91,13.0,21.13,11.43,50.03,31.01,NGA_2
3.31,0.08333333,2013,3,NGA,0.7566798,28.65,2.68,25.78,,4.59,33.05,17.17,87.71,3.38,91.79,14.17,10.35,1.52,1.23,,,,3.45,3.31,23.62,12.24,58.17,43.55,NGA_3
14.15,0.0,2013,4,NGA,-0.1576906,70.35,9.65,84.19,,17.62,41.92,42.99,40.9,18.54,63.15,28.02,21.54,11.56,8.25,,,,13.37,14.15,42.43,10.02,37.66,65.83,NGA_4
18.84,0.0,2013,5,NGA,-0.1455822,38.7,9.49,81.01,,15.28,41.9,51.75,47.95,19.73,75.79,18.65,20.72,11.08,12.77,,,,16.15,18.84,41.91,8.07,33.14,70.98,NGA_5
13.93,0.0,2013,6,NGA,0.007070772,76.8,9.7,81.97,,11.3,63.62,63.14,80.87,14.0,89.87,11.79,14.49,16.54,12.95,,,,11.54,13.93,49.16,7.86,26.53,82.79,NGA_6
19.92,0.08333333,2018,1,NGA,-0.05490964,33.75,6.73,49.57,8.78,3.81,20.92,30.27,69.81,17.09,50.1,15.27,12.66,10.43,10.75,,18.59,37.36,18.27,19.92,35.23,9.85,43.81,54.56,NGA_1
19.39,0.0,2018,2,NGA,0.4296704,28.66,3.84,31.77,4.48,2.42,17.98,15.41,80.44,5.81,69.91,6.13,9.19,3.02,1.69,,31.03,30.56,14.99,19.39,22.42,11.4,50.05,38.74,NGA_2
6.57,0.0,2018,3,NGA,0.2359598,30.72,3.38,29.04,4.34,1.83,25.11,15.65,88.22,9.34,75.98,4.13,6.41,7.17,2.01,,21.64,48.08,5.92,6.57,23.46,12.38,58.49,47.49,NGA_3
16.67,0.08333333,2018,4,NGA,-0.256047,72.9,10.16,79.27,19.37,10.91,43.91,38.13,39.62,19.81,68.37,26.75,31.06,14.21,8.76,,21.32,31.09,14.91,16.67,46.23,9.29,47.49,63.92,NGA_4
17.52,0.08333333,2018,5,NGA,-0.2399223,41.67,10.28,78.95,21.01,9.07,31.23,53.28,57.09,23.94,74.53,15.45,15.0,17.09,12.22,,21.08,35.73,18.61,17.52,46.09,7.93,32.37,73.63,NGA_5
10.44,0.0,2018,6,NGA,0.05140388,80.96,10.29,80.6,27.55,4.74,44.82,62.67,72.75,15.57,77.03,8.19,5.53,23.22,11.11,,25.28,24.9,7.47,10.44,49.16,7.68,26.86,85.73,NGA_6
12.4,0.0,2012,1,PAK,-0.139234,22.05,2.62,33.88,,2.8,1.38,34.46,37.88,13.51,48.32,2.76,2.21,8.43,5.94,,,,11.13,12.4,56.95,3.42,5.27,65.73,PAK_1
11.11,0.0,2012,2,PAK,-0.4017563,32.09,2.52,27.61,,3.01,1.9,37.09,37.02,9.14,52.95,6.82,0.84,6.38,4.1,,,,10.91,11.11,53.24,3.29,3.75,60.26,PAK_2
21.51,0.0,2012,3,PAK,0.07991684,11.1,1.44,17.69,,2.16,2.69,15.83,46.93,12.05,69.89,25.74,5.55,6.86,5.3,,,,20.53,21.51,42.97,4.0,6.68,64.63,PAK_3
5.93,0.0,2012,5,PAK,-0.08086924,9.72,1.72,22.41,,0.51,0.96,16.31,31.71,29.71,79.29,21.6,21.19,7.13,2.09,,,,5.93,5.93,46.1,3.67,3.69,59.29,PAK_5
8.07,0.08333333,2017,2,PAK,-0.1513047,36.0,2.7,29.21,6.68,4.42,2.59,34.64,35.73,10.25,65.64,1.15,0.62,5.47,3.95,,6.63,6.76,7.53,8.07,59.39,3.19,5.51,59.14,PAK_2
20.62,0.3333333,2017,4,PAK,-0.4638747,18.5,0.85,10.04,1.33,1.84,9.11,17.71,28.65,24.23,60.5,1.14,0.38,1.73,1.13,,8.93,5.95,20.47,20.62,56.02,3.08,3.94,53.37,PAK_4
31.08,0.0,2000,1,PER,0.490644,28.14,6.57,86.25,,7.61,68.74,39.23,69.12,,37.52,,,31.98,7.56,83.54,,,40.95,31.08,23.92,4.41,9.66,39.18,PER_1
25.8,0.0,2000,2,PER,-0.1433607,47.51,7.17,81.27,,12.08,52.17,53.02,50.0,,49.3,,,48.93,13.04,81.79,,,38.55,25.8,30.69,3.44,6.9,59.52,PER_2
38.78,0.0,2000,3,PER,-0.1251013,28.75,6.28,74.39,,5.31,62.71,35.43,35.13,,56.66,,,64.28,8.69,87.31,,,49.94,38.78,16.43,3.45,6.67,53.29,PER_3
30.16,0.0,2000,4,PER,0.1378349,85.91,10.23,94.96,,31.91,74.06,76.33,66.34,,79.88,,,71.54,30.73,77.72,,,48.79,30.16,63.11,4.0,13.25,88.67,PER_4
28.61,0.0,2000,5,PER,-0.2783499,44.12,6.87,79.47,,11.53,49.25,34.19,44.93,,46.43,,,45.28,10.69,59.44,,,42.31,28.61,16.49,3.62,5.7,48.08,PER_5
22.94,0.0,2000,6,PER,0.3203938,25.41,5.77,78.42,,4.82,69.74,26.51,60.37,,50.43,,,49.06,12.44,82.79,,,32.54,22.94,17.96,4.18,20.16,32.33,PER_6
40.86,0.0,2000,8,PER,-0.1401352,42.04,6.8,76.81,,17.26,76.14,45.99,65.59,,36.97,,,43.27,20.27,82.28,,,57.25,40.86,26.33,3.8,16.51,67.26,PER_8
21.67,0.0,2000,9,PER,-0.04232532,16.47,5.35,73.55,,5.28,45.55,25.47,51.68,,29.69,,,40.84,16.86,72.12,,,28.97,21.67,17.96,3.46,8.82,36.7,PER_9
28.0,0.0,2000,10,PER,0.005805764,30.7,6.14,75.75,,8.76,45.91,29.55,48.39,,56.41,,,28.53,11.89,69.26,,,40.25,28.0,15.76,4.44,17.39,34.27,PER_10
26.55,0.0,2000,11,PER,-0.004636306,84.58,10.29,96.86,,34.38,76.42,81.02,68.3,,86.54,,,65.92,23.46,60.89,,,43.46,26.55,63.11,3.6,8.43,88.03,PER_11
29.7,0.0,2000,12,PER,0.0256132,55.59,8.9,92.28,,26.43,72.12,62.94,52.13,,57.6,,,51.3,18.67,76.14,,,46.92,29.7,47.53,3.74,16.67,79.66,PER_12
19.26,0.0,2000,13,PER,-0.1415778,65.8,8.69,91.07,,23.46,65.42,62.56,70.5,,63.86,,,68.79,20.59,82.19,,,31.67,19.26,47.53,4.31,12.73,68.91,PER_13
22.42,0.0,2000,14,PER,0.7374808,72.62,8.94,94.17,,25.78,69.8,73.1,79.55,,90.38,,,65.08,24.7,78.88,,,36.74,22.42,52.86,4.59,18.99,73.07,PER_14
23.17,0.0,2000,15,PER,0.1516616,95.63,10.55,97.71,,38.85,68.23,79.91,74.64,,89.22,,,75.58,27.31,70.76,,,39.83,23.17,71.54,3.7,10.09,96.31,PER_15
38.72,0.0,2000,16,PER,0.2575689,67.79,7.78,89.14,,23.64,48.64,44.05,53.87,,78.3,,,50.43,19.14,62.14,,,52.56,38.72,20.54,5.38,22.11,60.57,PER_16
31.11,0.0,2000,17,PER,0.01378813,65.36,8.34,91.13,,17.8,58.7,63.44,61.42,,92.21,,,58.07,15.3,83.29,,,41.47,31.11,39.78,4.94,29.41,78.9,PER_17
26.41,0.0,2000,18,PER,-0.1384499,77.17,10.18,96.53,,27.17,77.07,73.12,46.04,,73.42,,,50.72,14.79,78.7,,,38.47,26.41,63.11,4.11,15.31,87.36,PER_18
31.58,0.0,2000,19,PER,0.1086432,58.41,8.43,91.59,,11.85,64.98,53.54,50.75,,48.64,,,38.95,12.11,67.72,,,49.25,31.58,37.28,4.1,12.96,74.7,PER_19
19.94,0.0,2000,20,PER,1.007714,66.74,8.69,92.25,,24.67,61.4,68.53,69.53,,76.24,,,61.98,12.99,78.21,,,31.81,19.94,45.71,4.42,13.11,71.09,PER_20
30.77,0.0,2000,21,PER,0.007935476,37.79,6.91,85.15,,9.25,52.95,30.72,44.44,,35.46,,,30.53,16.0,82.66,,,44.55,30.77,23.92,3.68,12.84,54.18,PER_21
36.47,0.0,2000,22,PER,-0.3144239,60.51,7.49,89.18,,11.64,66.73,52.04,65.67,,46.2,,,44.46,8.86,78.14,,,48.81,36.47,36.64,4.56,20.13,58.17,PER_22
31.18,0.0,2000,23,PER,-0.2604069,87.47,9.83,96.53,,44.11,67.89,72.53,60.28,,84.81,,,66.8,29.47,75.83,,,49.33,31.18,64.96,3.55,7.81,95.12,PER_23
28.21,0.0,2000,24,PER,0.7332967,85.11,9.52,95.85,,12.45,58.62,71.91,70.09,,94.01,,,63.56,11.76,71.24,,,42.53,28.21,57.81,4.67,13.08,87.62,PER_24
35.93,0.0,2000,25,PER,-0.1910425,67.12,8.52,89.79,,25.17,54.96,60.31,72.24,,79.58,,,53.0,19.26,68.1,,,50.68,35.93,27.06,4.97,19.18,61.58,PER_25
9.68,0.0,2004,1,PER,-0.485504,33.51,7.3,90.63,,11.34,76.74,43.7,64.8,31.48,44.84,,,36.14,13.64,73.55,,,12.14,9.68,32.91,5.13,24.68,58.9,PER_1
8.46,0.0,2004,2,PER,-0.2628122,53.16,8.15,84.92,,18.19,59.11,51.5,66.0,38.45,55.19,,,44.77,20.86,78.83,,,11.76,8.46,43.83,3.63,11.31,78.95,PER_2
16.53,0.0,2004,3,PER,-0.3808495,37.61,7.52,81.66,,12.89,61.01,38.57,56.37,30.79,46.06,,,49.52,21.46,84.55,,,21.17,16.53,28.67,3.53,10.65,75.59,PER_3
10.86,0.0,2004,4,PER,-0.4968499,88.22,10.93,97.54,,34.83,75.51,75.36,63.32,29.79,80.41,,,64.98,26.28,75.87,,,16.25,10.86,64.29,3.74,8.91,94.95,PER_4
12.78,0.0,2004,5,PER,-0.2789483,42.91,7.52,83.2,,10.71,59.14,34.52,60.41,27.95,45.34,,,45.65,19.06,79.65,,,16.64,12.78,28.67,3.69,16.26,65.42,PER_5
6.65,0.0,2004,6,PER,0.1419227,29.65,6.66,82.47,,10.77,73.0,34.02,62.09,31.07,38.68,,,33.78,10.63,75.83,,,8.76,6.65,24.92,4.53,15.17,51.05,PER_6
15.85,0.0,2004,8,PER,-0.2746116,51.9,8.3,83.46,,21.45,77.46,51.94,61.45,34.51,56.02,,,47.82,21.67,82.75,,,21.04,15.85,42.01,3.89,22.75,81.82,PER_8
13.52,0.0,2004,9,PER,-0.6778089,18.14,6.51,79.58,,9.54,53.82,28.83,50.73,36.47,30.72,,,37.69,16.15,77.91,,,16.6,13.52,24.79,3.49,6.7,72.36,PER_9
11.97,0.0,2004,10,PER,-0.3580795,37.45,6.73,80.32,,13.03,61.14,35.12,58.27,31.35,45.98,,,45.35,14.07,71.58,,,15.04,11.97,20.61,3.78,21.82,49.1,PER_10
11.84,0.0,2004,12,PER,-0.4680029,55.45,9.21,93.88,,25.39,75.88,63.43,61.2,28.71,58.74,,,54.74,18.79,72.29,,,16.93,11.84,49.76,3.6,12.85,91.53,PER_12
7.6,0.0,2004,13,PER,-0.2759934,71.23,9.03,91.51,,27.72,65.44,63.22,76.08,31.29,61.27,,,51.25,20.34,70.18,,,10.8,7.6,57.77,4.24,11.71,79.6,PER_13
8.17,0.0,2004,14,PER,0.124053,75.38,9.37,95.63,,29.52,65.19,67.65,73.26,27.89,73.42,,,55.11,20.16,74.33,,,11.76,8.17,59.06,4.43,15.61,83.0,PER_14
7.4,0.0,2004,15,PER,-0.8753293,95.31,11.13,98.62,,43.7,73.45,84.65,75.13,31.28,86.27,,,68.26,26.01,68.64,,,11.08,7.4,76.81,3.54,15.87,97.54,PER_15
13.39,0.0,2004,16,PER,1.822265,63.59,8.09,92.94,,22.27,56.69,47.33,72.8,38.32,49.78,,,44.6,19.16,61.13,,,15.96,13.39,28.24,5.5,24.65,63.83,PER_16
17.42,0.0,2004,17,PER,-0.1736882,63.74,8.94,94.01,,22.05,63.16,61.78,67.16,34.24,72.57,,,58.4,25.18,77.51,,,20.69,17.42,45.68,4.63,23.04,81.99,PER_17
10.38,0.0,2004,18,PER,-0.5890428,81.41,10.86,97.58,,30.63,75.9,72.46,61.22,26.77,75.77,,,62.9,20.86,75.3,,,13.58,10.38,65.34,3.75,12.58,94.76,PER_18
9.62,0.0,2004,20,PER,-0.2375037,71.88,8.94,93.65,,34.77,68.45,62.17,72.66,29.64,62.64,,,48.74,18.4,78.95,,,13.18,9.62,50.46,4.07,16.7,76.38,PER_20
15.27,0.0,2004,21,PER,-0.3994101,47.39,8.45,90.89,,16.26,65.8,40.46,46.2,33.24,52.22,,,41.43,19.23,74.68,,,19.42,15.27,29.78,3.47,10.22,74.95,PER_21
11.98,0.0,2004,22,PER,0.1740777,56.89,7.74,90.63,,16.57,75.15,49.7,62.82,29.58,46.21,,,41.94,13.52,72.77,,,14.39,11.98,37.2,4.96,19.46,65.95,PER_22
9.87,0.0,2004,24,PER,-0.3147755,87.11,10.15,97.47,,32.74,66.82,75.03,73.71,34.16,77.45,,,63.76,23.44,73.1,,,12.51,9.87,60.34,4.31,14.99,95.15,PER_24
13.89,0.0,2004,25,PER,0.09732936,69.45,8.92,94.02,,21.71,60.39,57.62,73.78,31.17,67.77,,,57.7,19.72,72.09,,,17.55,13.89,45.38,5.17,25.45,69.04,PER_25
9.68,0.0,2007,1,PER,-0.485504,33.51,7.3,90.63,,11.34,76.74,43.7,64.8,31.48,44.84,,,36.14,13.64,73.55,,,12.14,9.68,32.91,5.13,24.68,58.9,PER_1
8.46,0.0,2007,2,PER,-0.2628122,53.16,8.15,84.92,,18.19,59.11,51.5,66.0,38.45,55.19,,,44.77,20.86,78.83,,,11.76,8.46,43.83,3.63,11.31,78.95,PER_2
16.53,0.0,2007,3,PER,-0.3808495,37.61,7.52,81.66,,12.89,61.01,38.57,56.37,30.79,46.06,,,49.52,21.46,84.55,,,21.17,16.53,28.67,3.53,10.65,75.59,PER_3
10.86,0.0,2007,4,PER,-0.4968499,88.22,10.93,97.54,,34.83,75.51,75.36,63.32,29.79,80.41,,,64.98,26.28,75.87,,,16.25,10.86,64.29,3.74,8.91,94.95,PER_4
12.78,0.0,2007,5,PER,-0.2789483,42.91,7.52,83.2,,10.71,59.14,34.52,60.41,27.95,45.34,,,45.65,19.06,79.65,,,16.64,12.78,28.67,3.69,16.26,65.42,PER_5
6.65,0.0,2007,6,PER,0.1419227,29.65,6.66,82.47,,10.77,73.0,34.02,62.09,31.07,38.68,,,33.78,10.63,75.83,,,8.76,6.65,24.92,4.53,15.17,51.05,PER_6
15.85,0.0,2007,8,PER,-0.2746116,51.9,8.3,83.46,,21.45,77.46,51.94,61.45,34.51,56.02,,,47.82,21.67,82.75,,,21.04,15.85,42.01,3.89,22.75,81.82,PER_8
13.52,0.0,2007,9,PER,-0.6778089,18.14,6.51,79.58,,9.54,53.82,28.83,50.73,36.47,30.72,,,37.69,16.15,77.91,,,16.6,13.52,24.79,3.49,6.7,72.36,PER_9
11.97,0.0,2007,10,PER,-0.3580795,37.45,6.73,80.32,,13.03,61.14,35.12,58.27,31.35,45.98,,,45.35,14.07,71.58,,,15.04,11.97,20.61,3.78,21.82,49.1,PER_10
11.84,0.0,2007,12,PER,-0.4680029,55.45,9.21,93.88,,25.39,75.88,63.43,61.2,28.71,58.74,,,54.74,18.79,72.29,,,16.93,11.84,49.76,3.6,12.85,91.53,PER_12
7.6,0.0,2007,13,PER,-0.2759934,71.23,9.03,91.51,,27.72,65.44,63.22,76.08,31.29,61.27,,,51.25,20.34,70.18,,,10.8,7.6,57.77,4.24,11.71,79.6,PER_13
8.17,0.0,2007,14,PER,0.124053,75.38,9.37,95.63,,29.52,65.19,67.65,73.26,27.89,73.42,,,55.11,20.16,74.33,,,11.76,8.17,59.06,4.43,15.61,83.0,PER_14
7.4,0.0,2007,15,PER,-0.8753293,95.31,11.13,98.62,,43.7,73.45,84.65,75.13,31.28,86.27,,,68.26,26.01,68.64,,,11.08,7.4,76.81,3.54,15.87,97.54,PER_15
13.39,0.0,2007,16,PER,1.822265,63.59,8.09,92.94,,22.27,56.69,47.33,72.8,38.32,49.78,,,44.6,19.16,61.13,,,15.96,13.39,28.24,5.5,24.65,63.83,PER_16
17.42,0.0,2007,17,PER,-0.1736882,63.74,8.94,94.01,,22.05,63.16,61.78,67.16,34.24,72.57,,,58.4,25.18,77.51,,,20.69,17.42,45.68,4.63,23.04,81.99,PER_17
10.38,0.0,2007,18,PER,-0.5890428,81.41,10.86,97.58,,30.63,75.9,72.46,61.22,26.77,75.77,,,62.9,20.86,75.3,,,13.58,10.38,65.34,3.75,12.58,94.76,PER_18
9.62,0.0,2007,20,PER,-0.2375037,71.88,8.94,93.65,,34.77,68.45,62.17,72.66,29.64,62.64,,,48.74,18.4,78.95,,,13.18,9.62,50.46,4.07,16.7,76.38,PER_20
15.27,0.0,2007,21,PER,-0.3994101,47.39,8.45,90.89,,16.26,65.8,40.46,46.2,33.24,52.22,,,41.43,19.23,74.68,,,19.42,15.27,29.78,3.47,10.22,74.95,PER_21
11.98,0.0,2007,22,PER,0.1740777,56.89,7.74,90.63,,16.57,75.15,49.7,62.82,29.58,46.21,,,41.94,13.52,72.77,,,14.39,11.98,37.2,4.96,19.46,65.95,PER_22
9.87,0.0,2007,24,PER,-0.3147755,87.11,10.15,97.47,,32.74,66.82,75.03,73.71,34.16,77.45,,,63.76,23.44,73.1,,,12.51,9.87,60.34,4.31,14.99,95.15,PER_24
13.89,0.0,2007,25,PER,0.09732936,69.45,8.92,94.02,,21.71,60.39,57.62,73.78,31.17,67.77,,,57.7,19.72,72.09,,,17.55,13.89,45.38,5.17,25.45,69.04,PER_25
14.6,0.0,2009,1,PER,0.6550113,37.99,7.23,90.89,,12.7,72.5,52.44,60.09,31.3,36.62,,,52.24,17.19,81.82,,,17.63,14.6,41.4,5.01,22.28,67.99,PER_1
10.83,0.0,2009,2,PER,0.3739811,52.09,8.23,86.2,,23.3,51.38,58.15,56.79,29.17,51.84,,,55.57,17.92,80.65,,,14.54,10.83,49.32,3.44,15.74,88.15,PER_2
15.75,0.0,2009,3,PER,-0.5076045,32.47,7.44,84.33,,7.87,58.69,31.74,59.03,32.01,60.45,,,57.87,26.23,87.39,,,18.95,15.75,35.05,3.44,11.39,78.84,PER_3
12.14,0.0,2009,4,PER,-0.3657429,86.42,10.67,97.66,,35.06,75.53,80.06,64.62,30.23,84.32,,,65.86,37.92,73.45,,,16.41,12.14,59.41,3.74,19.65,95.04,PER_4
12.7,0.0,2009,5,PER,-0.4283661,53.77,7.64,87.11,,13.11,57.32,41.51,62.66,34.71,56.47,,,39.43,17.93,80.86,,,16.84,12.7,35.05,3.27,11.0,79.5,PER_5
8.55,0.0,2009,6,PER,0.7247445,29.47,7.38,85.88,,11.57,70.18,36.74,62.29,21.97,55.65,,,52.09,12.04,74.56,,,10.78,8.55,35.05,4.35,19.56,63.24,PER_6
14.59,0.0,2009,8,PER,-0.3982188,51.45,8.59,88.59,,20.11,72.98,56.25,52.75,31.92,53.21,,,44.04,17.11,85.78,,,19.07,14.59,45.48,3.85,4.98,81.12,PER_8
10.29,0.0,2009,9,PER,-0.4318576,18.99,6.56,82.43,,11.69,52.49,32.48,48.98,34.28,29.65,,,36.55,10.94,83.45,,,13.37,10.29,32.36,3.74,8.03,82.33,PER_9
8.04,0.0,2009,10,PER,-0.07963422,41.91,7.17,81.28,,16.61,60.79,42.65,63.47,34.88,35.91,,,47.99,19.49,75.37,,,10.38,8.04,29.76,3.43,9.59,68.61,PER_10
11.02,0.0,2009,11,PER,-0.2904485,92.57,10.86,98.17,,41.83,69.41,82.56,70.49,32.12,67.69,,,64.62,24.14,69.1,,,14.83,11.02,65.34,3.41,7.84,96.5,PER_11
14.05,0.0,2009,12,PER,-0.2999927,66.11,9.16,93.76,,36.4,73.08,70.13,54.3,23.94,63.7,,,52.84,19.87,76.31,,,18.48,14.05,50.8,3.59,14.1,89.09,PER_12
4.27,0.0,2009,13,PER,0.5809008,77.0,9.25,94.61,,25.06,60.73,61.95,74.65,27.1,89.77,,,75.46,21.78,81.1,,,5.85,4.27,59.41,3.72,14.11,84.83,PER_13
8.84,0.0,2009,14,PER,0.7663967,85.3,10.58,95.11,,36.89,63.45,67.86,74.59,31.71,73.3,,,56.89,27.74,70.72,,,13.09,8.84,63.5,4.36,8.99,92.49,PER_14
8.29,0.0,2009,15,PER,-0.3667614,96.79,11.19,98.56,,48.83,65.22,79.16,69.17,30.65,86.17,,,69.78,32.05,69.52,,,12.33,8.29,75.53,3.48,17.41,97.61,PER_15
13.14,0.0,2009,16,PER,0.06085969,65.46,8.36,90.33,,27.8,55.36,51.95,76.28,41.24,65.59,,,54.15,18.12,62.44,,,16.15,13.14,29.2,5.29,23.39,60.52,PER_16
16.54,0.0,2009,17,PER,0.2304657,62.41,9.14,95.26,,28.64,62.8,63.79,50.52,34.6,75.32,,,60.74,21.64,74.36,,,19.85,16.54,47.34,4.76,20.36,75.45,PER_17
14.93,0.0,2009,18,PER,-0.4178939,82.95,10.99,98.71,,31.64,69.36,77.07,60.42,38.09,75.91,,,63.64,25.64,73.84,,,18.91,14.93,66.56,4.13,13.89,94.43,PER_18
11.17,0.0,2009,19,PER,-0.2568827,60.12,8.9,93.84,,13.18,69.01,60.65,48.69,30.49,63.51,,,34.28,16.77,72.73,,,14.61,11.17,47.92,3.58,11.07,87.93,PER_19
7.1,0.0,2009,20,PER,0.613846,78.49,8.74,93.19,,30.08,60.84,62.03,73.39,31.2,70.83,,,55.69,14.61,78.31,,,9.42,7.1,47.56,4.12,15.83,82.58,PER_20
11.65,0.0,2009,21,PER,-0.3736725,52.36,9.02,94.39,,16.95,63.38,43.87,58.15,35.28,53.9,,,54.44,22.1,79.24,,,15.33,11.65,35.81,3.13,7.91,79.97,PER_21
14.35,0.0,2009,22,PER,0.1626733,60.96,7.76,93.54,,23.45,88.61,58.62,59.66,34.55,46.6,,,34.57,9.59,77.57,,,16.4,14.35,38.04,5.04,22.49,68.13,PER_22
13.42,0.0,2009,23,PER,-0.4944853,84.82,10.47,98.07,,35.41,68.48,79.95,63.78,45.39,90.89,,,68.11,28.62,77.61,,,17.64,13.42,65.34,3.6,11.63,96.58,PER_23
10.31,0.0,2009,24,PER,0.3704873,89.64,9.79,96.38,,36.16,55.5,74.42,79.83,26.39,84.17,,,79.38,28.02,76.35,,,12.75,10.31,57.95,4.49,17.08,94.2,PER_24
12.2,0.0,2009,25,PER,-0.04745139,77.69,8.97,92.43,,26.17,55.68,61.8,73.22,39.63,79.43,,,61.78,19.34,68.25,,,14.74,12.2,40.99,5.14,26.92,76.44,PER_25
10.21,0.0,2010,1,PER,0.2501121,34.37,8.4,94.04,,18.91,84.51,58.51,58.8,38.72,48.12,,,38.18,14.59,78.01,,,13.32,10.21,37.45,4.34,21.92,64.83,PER_1
9.38,0.0,2010,2,PER,-0.4950183,54.04,8.56,89.46,,26.79,57.79,62.5,57.35,25.24,47.99,,,44.85,25.04,73.6,,,12.68,9.38,50.8,3.87,9.86,86.37,PER_2
14.37,0.0,2010,3,PER,-0.5407308,34.74,7.89,87.64,,11.85,64.79,42.99,56.75,34.66,43.61,,,40.89,17.73,87.13,,,18.45,14.37,35.05,3.68,14.86,84.03,PER_3
8.83,0.0,2010,4,PER,-0.6313385,88.0,10.78,98.54,,28.31,73.27,86.41,53.14,27.1,87.47,,,64.1,29.74,76.75,,,13.31,8.83,61.26,3.63,8.44,97.57,PER_4
9.05,0.0,2010,5,PER,-0.2593453,48.61,7.66,85.15,,11.72,54.04,39.53,63.54,26.5,57.35,,,33.27,28.82,76.57,,,11.85,9.05,39.13,3.63,13.03,77.67,PER_5
7.29,0.0,2010,6,PER,0.1071076,30.85,7.09,85.86,,14.63,72.18,41.44,51.87,27.62,52.45,,,51.96,13.92,83.02,,,9.87,7.29,35.05,3.66,10.5,64.04,PER_6
17.38,0.0,2010,8,PER,-0.3668968,52.9,8.58,90.63,,21.33,79.0,59.76,46.5,32.95,57.21,,,39.67,19.91,81.78,,,22.36,17.38,48.1,3.76,17.76,80.65,PER_8
8.85,0.0,2010,9,PER,0.03347689,19.24,7.11,84.76,,12.66,62.53,41.99,42.59,35.73,29.6,,,39.46,13.57,76.1,,,11.83,8.85,35.05,3.56,3.35,88.16,PER_9
6.42,0.0,2010,10,PER,-0.5082553,37.55,7.62,82.98,,20.38,60.05,46.2,56.79,37.47,41.43,,,55.59,24.89,77.01,,,8.35,6.42,35.88,3.8,17.65,73.31,PER_10
12.47,0.0,2010,11,PER,0.3216139,87.79,11.05,97.68,,43.14,65.37,83.89,74.84,33.22,73.32,,,69.81,28.98,70.58,,,16.85,12.47,67.84,3.48,15.21,96.93,PER_11
11.58,0.0,2010,12,PER,0.03215287,66.16,9.99,95.63,,41.99,75.45,75.21,56.01,34.1,72.83,,,49.02,24.38,75.5,,,15.57,11.58,56.11,3.1,7.09,92.68,PER_12
4.21,0.0,2010,13,PER,-0.3550552,78.28,9.19,95.04,,25.09,57.35,63.13,56.11,29.55,88.79,,,65.51,16.31,83.85,,,5.62,4.21,57.77,4.57,16.4,89.85,PER_13
7.82,0.0,2010,14,PER,0.1527394,80.45,9.89,94.8,,39.72,59.65,70.73,72.78,29.96,71.8,,,51.74,25.8,62.34,,,11.34,7.82,60.9,4.47,17.85,93.17,PER_14
8.3,0.0,2010,15,PER,-0.07560865,97.2,11.02,98.18,,49.49,63.24,83.07,69.96,34.92,86.18,,,71.02,29.87,69.0,,,11.71,8.3,74.97,3.6,12.61,97.72,PER_15
13.04,0.1666667,2010,16,PER,-0.561678,62.6,8.05,89.6,,29.28,52.82,46.55,75.32,29.6,61.25,,,48.69,20.2,64.33,,,15.96,13.04,27.93,5.36,21.77,62.4,PER_16
14.16,0.0,2010,17,PER,0.4508265,67.61,9.12,94.56,,28.69,57.71,70.14,65.23,35.15,77.17,,,69.1,26.25,78.85,,,17.12,14.16,50.18,4.88,22.01,83.41,PER_17
11.34,0.0,2010,18,PER,-0.6902122,83.59,10.93,98.19,,31.63,68.36,78.96,59.46,31.47,76.31,,,58.21,20.92,75.69,,,14.11,11.34,65.34,3.64,23.1,96.39,PER_18
12.98,0.0,2010,19,PER,-0.3185401,66.25,9.63,94.48,,23.22,68.73,63.88,47.86,25.6,54.54,,,45.87,17.09,75.01,,,17.19,12.98,52.14,3.79,10.98,89.37,PER_19
9.72,0.0,2010,20,PER,0.4161015,78.51,9.17,94.11,,40.65,63.95,70.24,68.26,29.5,73.15,,,47.49,17.16,79.63,,,13.36,9.72,50.8,3.94,17.21,83.9,PER_20
11.14,0.0,2010,21,PER,-0.4465487,49.44,8.73,94.21,,17.38,67.28,43.63,59.52,27.48,52.04,,,53.3,19.12,77.81,,,15.23,11.14,35.49,3.84,9.7,81.23,PER_21
10.83,0.0,2010,22,PER,-0.5164113,60.52,8.01,93.25,,21.63,70.97,56.01,35.91,41.01,41.4,,,29.5,6.64,65.96,,,13.01,10.83,41.55,4.65,20.96,78.59,PER_22
9.74,0.0,2010,23,PER,-0.681061,86.43,10.48,98.64,,37.46,72.46,82.89,67.22,39.08,87.2,,,65.05,27.49,77.35,,,13.61,9.74,66.56,4.07,22.27,98.76,PER_23
12.41,0.0,2010,24,PER,0.4889648,90.21,9.91,97.47,,42.93,57.29,76.35,74.36,33.12,79.26,,,71.24,34.26,70.14,,,15.54,12.41,63.06,4.42,9.06,98.04,PER_24
10.93,0.0,2010,25,PER,-0.482156,77.5,9.12,95.08,,27.99,51.81,70.32,63.95,34.64,73.81,,,68.92,18.63,75.29,,,13.18,10.93,46.55,5.03,26.04,78.58,PER_25
8.86,0.0,2011,1,PER,0.1777078,32.49,7.83,89.69,,11.52,70.03,52.28,53.31,34.95,38.64,,,32.43,10.97,71.13,,,11.27,8.86,41.52,4.7,18.68,69.38,PER_1
8.19,0.0,2011,2,PER,-0.2285135,53.42,9.1,90.19,,27.63,66.07,66.67,62.72,24.95,54.21,,,45.31,23.83,75.12,,,10.77,8.19,55.91,3.65,15.99,92.21,PER_2
13.2,0.0,2011,3,PER,-0.1224936,38.12,7.67,82.96,,12.89,64.47,45.7,62.91,23.48,45.55,,,38.55,18.45,86.57,,,17.27,13.2,39.13,3.82,11.61,86.94,PER_3
7.47,0.0,2011,4,PER,-0.2304649,89.53,11.23,98.62,,28.78,65.64,79.2,49.11,34.83,84.22,,,66.3,21.17,63.77,,,9.88,7.47,68.4,3.27,20.88,99.0,PER_4
11.24,0.0,2011,5,PER,-0.04281843,46.52,7.72,85.32,,10.25,52.73,40.9,59.03,29.35,56.91,,,33.75,28.11,74.38,,,14.9,11.24,40.47,3.21,11.4,82.06,PER_5
6.17,0.0,2011,6,PER,0.1710095,33.48,6.84,85.65,,13.92,72.85,37.71,52.97,34.95,53.84,,,53.54,11.91,84.89,,,8.2,6.17,29.43,3.77,17.97,63.27,PER_6
16.2,0.0,2011,8,PER,0.1214057,59.13,8.32,90.5,,25.72,72.13,58.47,61.52,25.1,55.82,,,51.45,19.75,83.45,,,20.84,16.2,47.92,3.51,19.58,87.03,PER_8
6.86,0.0,2011,9,PER,-0.1073926,20.01,7.08,81.54,,10.86,54.82,39.92,45.73,25.51,27.58,,,48.22,11.31,92.52,,,9.09,6.86,35.05,3.33,12.42,84.57,PER_9
7.54,0.0,2011,10,PER,-0.03696456,40.28,7.5,81.59,,21.42,57.34,41.51,59.55,32.95,46.34,,,49.33,20.53,79.79,,,10.08,7.54,35.05,4.15,14.83,71.91,PER_10
11.98,0.0,2011,11,PER,-0.01856125,85.83,11.09,98.16,,48.09,67.59,88.37,71.54,33.63,76.08,,,75.09,31.27,74.87,,,16.04,11.98,67.57,3.43,11.62,98.05,PER_11
14.4,0.0,2011,12,PER,-0.0197157,61.09,9.62,94.72,,43.08,79.31,84.44,54.9,32.24,72.52,,,47.83,20.73,78.93,,,18.96,14.4,54.27,3.75,10.98,90.84,PER_12
4.4,0.0,2011,13,PER,-0.01465513,80.99,9.03,92.65,,26.46,61.45,68.99,57.73,23.09,91.44,,,55.98,17.92,87.64,,,5.94,4.4,56.35,3.96,10.94,90.93,PER_13
5.85,0.0,2011,14,PER,0.1665052,76.75,9.8,95.96,,27.69,55.98,70.02,74.28,27.42,76.21,,,55.5,18.87,71.3,,,8.57,5.85,63.14,3.76,7.51,95.6,PER_14
8.4,0.0,2011,15,PER,-0.2906089,97.29,11.27,99.05,,54.19,65.11,81.66,72.56,33.33,90.47,,,75.83,34.3,71.7,,,11.85,8.4,74.99,3.5,11.54,98.11,PER_15
14.55,0.0,2011,16,PER,-1.018319,59.97,7.98,87.75,,29.8,53.92,47.56,67.41,39.55,64.28,,,43.69,19.69,66.63,,,17.23,14.55,34.45,5.45,25.52,67.99,PER_16
13.91,0.0,2011,17,PER,0.2115257,70.93,9.28,96.56,,32.8,57.47,72.73,59.63,30.54,73.51,,,65.82,41.55,78.55,,,16.37,13.91,54.27,4.76,14.24,88.7,PER_17
9.84,0.0,2011,18,PER,-0.2308451,85.61,11.26,98.4,,41.3,78.9,89.22,65.8,32.3,71.24,,,67.88,21.03,72.54,,,12.88,9.84,69.69,3.38,16.21,95.77,PER_18
10.42,0.0,2011,19,PER,-0.1393875,68.7,9.73,94.92,,23.53,64.14,67.62,50.73,27.07,59.21,,,52.54,22.67,80.91,,,13.67,10.42,50.8,3.83,13.36,87.9,PER_19
10.48,0.0,2011,20,PER,0.2236343,76.32,9.62,94.48,,41.94,64.47,76.54,75.63,34.18,72.05,,,48.94,17.19,75.04,,,14.57,10.48,60.34,4.46,18.73,91.2,PER_20
12.59,0.0,2011,21,PER,-0.03327346,50.76,8.8,95.02,,22.72,74.91,60.8,44.43,30.89,53.6,,,50.15,19.35,82.24,,,16.01,12.59,35.5,3.8,5.2,83.16,PER_21
9.38,0.0,2011,22,PER,-0.04591045,64.67,8.02,95.84,,22.3,67.76,63.47,57.45,26.54,47.02,,,50.82,8.65,77.24,,,11.42,9.38,46.26,5.13,20.19,83.63,PER_22
9.85,0.0,2011,23,PER,-0.229142,87.92,10.57,98.05,,38.17,65.83,79.73,62.59,42.17,85.68,,,70.24,31.25,76.89,,,13.84,9.85,67.84,3.78,17.0,96.28,PER_23
11.3,0.0,2011,24,PER,0.1292985,89.42,10.0,97.44,,47.26,53.7,75.49,75.51,27.36,76.99,,,66.89,29.18,67.18,,,13.56,11.3,63.5,4.22,19.43,97.82,PER_24
7.88,0.0,2011,25,PER,-0.08243923,74.54,9.26,94.27,,32.16,47.98,68.84,66.93,36.54,62.34,,,61.55,22.69,72.57,,,9.7,7.88,49.32,4.64,20.5,77.61,PER_25
11.27,0.0,2012,1,PER,0.7153535,38.24,7.54,90.49,,12.52,64.2,44.95,42.7,26.21,40.13,,,22.05,8.88,74.15,,,13.39,11.27,37.45,5.11,20.58,64.13,PER_1
8.24,0.0,2012,2,PER,-0.4917676,53.75,9.3,93.36,,32.27,62.68,69.84,76.49,27.88,70.24,,,48.69,23.38,74.59,,,10.9,8.24,54.71,3.78,16.0,92.6,PER_2
15.76,0.0,2012,3,PER,-0.1959353,36.52,8.0,84.36,,12.55,62.21,44.87,62.13,24.77,54.88,,,42.02,18.54,88.51,,,20.07,15.76,39.13,3.3,12.59,88.6,PER_3
6.96,0.0,2012,4,PER,-0.1631293,88.01,10.92,96.87,,28.16,62.16,77.12,53.16,40.27,88.3,,,83.13,24.17,77.72,,,9.61,6.96,67.84,3.34,7.81,98.29,PER_4
11.84,0.0,2012,5,PER,-0.4109784,43.9,7.53,84.53,,10.08,46.73,38.41,60.01,28.57,66.27,,,31.82,31.87,76.31,,,15.21,11.84,41.24,3.65,10.5,89.72,PER_5
8.22,0.0,2012,6,PER,0.3720492,30.27,7.12,89.78,,14.91,72.4,43.55,65.34,33.73,56.22,,,75.65,14.63,89.08,,,10.62,8.22,39.13,4.12,14.34,72.44,PER_6
16.57,0.0,2012,8,PER,-0.1578844,56.18,8.96,88.77,,29.82,76.45,66.23,61.74,26.25,57.01,,,66.73,22.74,81.58,,,21.97,16.57,50.18,3.6,9.97,88.13,PER_8
8.35,0.0,2012,9,PER,-0.6696374,27.65,7.3,85.48,,17.15,63.04,49.97,53.31,28.73,39.52,,,51.31,18.21,85.59,,,11.1,8.35,37.45,3.26,6.83,81.6,PER_9
6.86,0.0,2012,10,PER,-0.1086854,41.37,7.65,84.03,,18.1,53.87,48.52,70.25,29.84,60.55,,,56.76,24.55,85.1,,,8.83,6.86,40.37,3.62,21.52,78.53,PER_10
11.6,0.0,2012,11,PER,-0.5522783,91.45,11.41,98.96,,45.59,63.54,88.84,75.97,34.99,72.15,,,71.25,34.75,77.41,,,15.66,11.6,67.6,3.48,10.45,99.43,PER_11
9.32,0.0,2012,12,PER,-0.4876887,62.36,9.66,95.71,,36.68,65.73,70.19,58.28,35.2,75.37,,,54.05,31.41,75.89,,,12.36,9.32,54.71,3.61,7.76,92.93,PER_12
3.13,0.0,2012,13,PER,-0.2174958,76.33,9.0,93.24,,21.0,63.15,70.0,73.76,23.35,88.7,,,57.42,16.72,88.44,,,4.3,3.13,58.19,4.38,16.14,92.91,PER_13
7.35,0.0,2012,14,PER,0.4310743,83.83,9.33,95.22,,30.08,56.87,68.1,71.44,26.27,63.55,,,56.68,24.69,70.29,,,10.03,7.35,59.41,4.13,16.58,95.79,PER_14
8.14,0.0,2012,15,PER,-0.8125939,96.99,11.15,98.56,,51.68,61.64,82.37,73.55,29.23,88.33,,,73.55,33.76,75.95,,,11.64,8.14,76.81,3.78,13.96,99.35,PER_15
12.26,0.0,2012,16,PER,-0.4018864,64.34,8.41,91.71,,32.43,50.6,55.58,72.13,37.83,55.4,,,46.01,19.93,68.53,,,14.66,12.26,37.73,4.98,18.04,71.3,PER_16
14.78,0.0,2012,17,PER,-0.3263272,70.0,9.5,95.46,,39.06,55.45,77.81,68.3,32.76,84.62,,,67.22,27.48,78.52,,,17.44,14.78,57.33,4.76,19.97,88.61,PER_17
8.83,0.0,2012,18,PER,0.110904,84.79,10.88,98.14,,39.64,69.59,84.12,65.97,31.2,76.54,,,70.63,31.08,77.2,,,11.5,8.83,65.76,3.69,11.14,93.95,PER_18
7.85,0.0,2012,19,PER,-0.3414331,60.83,9.3,94.6,,22.11,66.99,61.92,55.75,29.54,66.24,,,55.78,15.97,83.79,,,10.13,7.85,50.8,4.06,22.43,84.36,PER_19
8.33,0.0,2012,20,PER,0.7950945,79.15,9.29,95.23,,42.09,61.93,73.29,71.46,27.71,69.41,,,46.6,19.96,80.26,,,11.2,8.33,55.04,3.96,12.84,92.86,PER_20
11.71,0.0,2012,21,PER,0.05969516,46.37,8.83,93.61,,21.13,67.4,49.08,53.16,30.29,55.15,,,57.7,24.1,81.54,,,15.42,11.71,38.98,3.85,10.25,87.32,PER_21
11.57,0.0,2012,22,PER,0.1707432,64.79,8.21,93.56,,24.69,68.32,70.83,58.9,30.58,54.69,,,51.7,11.37,68.2,,,14.07,11.57,50.18,5.6,19.48,80.51,PER_22
9.88,0.0,2012,23,PER,0.007301332,86.94,10.76,98.12,,53.51,70.52,81.86,60.04,35.53,87.8,,,66.56,30.19,76.51,,,13.52,9.88,65.42,3.03,11.09,98.17,PER_23
10.87,0.0,2012,24,PER,0.7530677,92.09,10.36,98.44,,45.39,52.81,81.86,76.52,29.82,77.1,,,69.32,35.81,73.68,,,13.5,10.87,65.92,4.59,22.18,98.47,PER_24
8.26,0.0,2012,25,PER,0.2018486,77.68,9.41,94.62,,19.08,31.35,77.55,67.49,38.77,85.59,,,67.32,24.0,78.51,,,10.22,8.26,52.3,5.31,22.84,86.81,PER_25
5.54,0.0,2008,1,PHL,0.5222531,38.87,11.59,99.23,,36.21,77.15,94.77,49.83,46.8,79.99,,,51.54,18.9,,,,6.08,5.54,61.6,3.3,9.82,93.64,PHL_1
5.19,0.0,2008,2,PHL,0.6571514,37.46,10.69,98.87,,23.33,77.99,84.47,39.75,38.62,72.87,,,47.79,12.71,,,,3.97,5.19,55.4,3.28,14.87,86.83,PHL_2
4.98,0.0,2008,3,PHL,0.6500344,57.71,11.04,98.26,,28.35,62.73,93.99,45.68,40.84,94.32,,,45.29,21.0,,,,5.23,4.98,63.52,3.12,20.44,94.67,PHL_3
7.42,0.0,2008,4,PHL,0.7778867,100.0,12.25,99.42,,55.12,60.99,94.32,44.49,54.09,95.52,,,54.09,20.95,,,,8.5,7.42,71.93,3.12,10.06,98.7,PHL_4
4.55,0.0,2008,5,PHL,1.110951,33.97,10.23,97.66,,13.67,82.51,83.55,43.35,22.4,84.14,,,48.88,18.5,,,,4.16,4.55,52.3,2.61,8.54,80.34,PHL_5
5.15,0.0,2008,6,PHL,0.7758854,68.9,11.43,99.16,,35.74,61.65,92.26,31.74,51.26,97.13,,,42.54,12.3,,,,5.73,5.15,68.38,3.13,7.06,94.88,PHL_6
12.2,0.0,2008,7,PHL,0.3836307,36.57,9.33,91.57,,20.36,56.92,72.29,25.93,33.62,82.77,,,43.6,18.84,,,,13.17,12.2,46.48,4.06,17.05,67.07,PHL_7
6.24,0.0,2008,8,PHL,1.131355,22.56,10.05,96.38,,15.38,62.01,82.33,43.28,35.57,80.39,,,67.71,18.39,,,,6.85,6.24,49.16,2.78,12.59,79.57,PHL_8
6.62,0.0,2008,9,PHL,1.219911,43.39,11.16,97.5,,27.02,73.07,82.87,46.92,42.3,89.75,,,64.01,31.74,,,,6.83,6.62,53.24,2.84,11.76,81.26,PHL_9
10.27,0.0,2008,10,PHL,1.196724,53.19,9.9,96.65,,35.3,78.47,86.08,42.61,52.02,76.57,,,50.26,25.73,,,,11.19,10.27,59.41,2.97,12.13,84.26,PHL_10
9.16,0.0,2008,11,PHL,1.22546,44.07,9.96,95.53,,22.55,65.68,71.3,41.44,44.67,61.21,,,36.44,21.46,,,,8.5,9.16,54.71,3.91,16.13,74.08,PHL_11
10.45,0.0,2008,12,PHL,0.9414344,31.29,9.31,93.68,,16.49,62.89,74.59,41.64,36.14,88.92,,,44.54,17.11,,,,7.17,10.45,46.88,4.2,11.87,75.13,PHL_12
10.58,0.0,2008,13,PHL,1.030049,37.38,10.06,95.9,,23.3,72.52,79.64,37.34,44.36,59.56,,,60.79,20.36,,,,8.31,10.58,56.3,2.97,17.51,74.46,PHL_13
10.28,0.0,2008,14,PHL,0.7827767,41.14,9.84,96.32,,21.4,73.14,76.79,44.77,38.81,85.66,,,43.25,24.79,,,,8.9,10.28,53.24,3.72,11.89,79.55,PHL_14
7.23,0.0,2008,15,PHL,0.667917,36.19,10.97,97.04,,21.87,61.85,66.45,41.86,37.94,59.22,,,48.78,15.86,,,,8.54,7.23,62.81,3.57,13.66,90.57,PHL_15
10.57,0.0,2008,16,PHL,0.882116,25.41,9.94,96.15,,17.99,59.01,86.19,35.42,36.9,81.46,,,49.53,23.04,,,,10.93,10.57,53.24,3.34,11.56,79.4,PHL_16
8.08,0.0,2008,17,PHL,1.09575,24.11,7.28,80.98,,9.98,40.11,53.13,36.94,54.83,81.91,,,37.38,31.01,,,,5.04,8.08,28.48,3.53,5.98,58.9,PHL_17
5.84,0.08333333,2013,1,PHL,-0.02874963,15.81,10.64,100.0,,16.75,57.53,85.53,39.58,35.18,78.37,29.75,20.41,56.74,36.6,,,,5.08,5.84,61.6,3.0,4.04,92.45,PHL_1
10.04,0.0,2013,2,PHL,-0.07134721,13.43,9.91,100.0,,22.48,55.2,76.49,36.94,37.84,53.21,43.29,36.47,36.56,40.69,,,,10.15,10.04,59.75,3.48,16.48,86.89,PHL_2
4.33,0.0,2013,3,PHL,-0.03464137,54.51,10.18,100.0,,27.0,55.31,92.46,54.88,42.01,87.18,33.47,19.63,49.81,19.92,,,,3.9,4.33,66.56,3.32,14.17,96.42,PHL_3
4.21,0.1666667,2013,4,PHL,-0.06820927,100.0,11.11,100.0,,47.24,60.19,87.02,49.35,51.29,94.54,17.87,11.16,64.64,14.9,,,,4.9,4.21,70.62,2.86,9.32,97.97,PHL_4
7.7,0.1666667,2013,5,PHL,0.2807076,20.46,9.71,100.0,,15.86,48.2,77.68,35.59,40.42,83.27,36.57,15.82,55.11,23.17,,,,6.16,7.7,55.09,2.81,11.65,88.18,PHL_5
3.94,0.1666667,2013,6,PHL,-0.07923322,64.21,10.41,100.0,,22.42,44.04,88.55,40.7,42.14,92.04,32.86,16.2,53.14,18.47,,,,3.79,3.94,70.22,2.94,13.34,96.23,PHL_6
6.84,0.08333333,2013,7,PHL,-0.01895408,22.71,8.81,100.0,,9.21,35.07,63.79,27.67,38.97,87.91,49.43,22.52,41.57,20.27,,,,6.4,6.84,51.66,3.53,20.35,79.22,PHL_7
9.59,0.08333333,2013,8,PHL,0.3693819,11.82,9.81,100.0,,14.86,44.02,84.62,48.56,31.66,83.67,34.58,11.48,58.6,15.88,,,,8.01,9.59,55.68,3.44,6.08,92.49,PHL_8
5.7,0.0,2013,9,PHL,0.5513279,37.31,10.04,100.0,,22.8,61.82,80.09,50.3,30.75,80.72,38.62,11.18,51.16,26.08,,,,5.59,5.7,55.67,3.45,13.23,86.86,PHL_9
7.36,0.0,2013,10,PHL,0.6456083,48.24,9.66,100.0,,43.38,64.39,80.77,45.9,46.92,86.3,42.31,25.49,44.84,11.85,,,,5.41,7.36,61.39,2.75,12.82,86.73,PHL_10
5.84,0.0,2013,11,PHL,0.7888294,39.46,9.19,100.0,,13.49,42.78,69.25,52.22,56.61,77.96,36.6,19.0,42.06,12.57,,,,5.75,5.84,56.3,3.42,15.48,81.74,PHL_11
8.14,0.0,2013,12,PHL,0.4334789,53.85,8.96,100.0,,26.41,58.37,75.08,43.7,43.42,87.37,38.88,20.83,44.82,20.84,,,,8.68,8.14,56.11,3.34,10.84,81.16,PHL_12
6.94,0.0,2013,13,PHL,0.6535558,44.64,9.23,100.0,,20.68,51.67,74.37,56.52,42.22,63.37,35.56,18.74,55.95,15.29,,,,6.52,6.94,57.77,3.46,16.22,78.6,PHL_13
5.32,0.0,2013,14,PHL,0.4360997,65.24,9.57,100.0,,21.18,50.89,71.93,46.64,47.71,77.12,35.34,24.83,44.82,14.64,,,,4.31,5.32,61.6,3.82,13.59,83.4,PHL_14
4.34,0.08333333,2013,15,PHL,-0.02493287,34.37,11.29,100.0,,35.42,51.31,77.44,38.97,35.87,75.62,30.45,25.97,45.03,21.12,,,,3.66,4.34,65.92,3.02,9.71,95.33,PHL_15
7.44,0.0,2013,16,PHL,0.5627573,34.5,9.55,100.0,,24.06,59.98,82.3,43.25,34.88,81.66,44.53,20.39,54.14,14.78,,,,7.37,7.44,57.31,3.65,16.7,87.3,PHL_16
2.67,0.0,2013,17,PHL,0.5920661,14.43,7.09,100.0,,11.88,24.11,28.68,44.14,40.16,70.97,30.3,15.3,42.84,21.48,,,,2.07,2.67,27.99,3.4,13.27,54.69,PHL_17
3.42,0.3333333,2017,1,PHL,0.4051411,15.89,11.12,100.0,50.75,16.2,51.04,90.26,44.56,34.38,77.36,23.3,7.42,47.67,18.53,,7.92,10.49,4.08,3.42,68.18,3.37,9.33,97.69,PHL_1
7.34,0.3333333,2017,2,PHL,0.5676164,10.29,10.64,100.0,48.11,13.27,26.05,72.59,25.54,44.27,79.75,48.75,33.1,27.57,17.35,,15.73,33.59,6.4,7.34,59.75,3.45,6.64,97.28,PHL_2
2.82,0.08333333,2017,3,PHL,0.5154501,57.01,10.97,100.0,58.97,15.14,23.98,87.81,44.38,52.92,83.25,27.86,10.12,42.73,14.97,,12.77,20.75,3.58,2.82,70.0,3.01,10.71,97.58,PHL_3
2.04,0.0,2017,4,PHL,0.471498,100.0,12.22,100.0,80.51,25.09,38.36,73.63,41.51,64.35,92.91,17.87,6.81,40.58,11.91,,13.58,14.12,3.15,2.04,74.35,2.79,7.9,99.15,PHL_4
9.49,0.0,2017,5,PHL,0.6591221,18.79,10.42,100.0,40.81,5.07,35.56,79.84,41.63,37.13,72.95,41.02,9.9,50.0,27.13,,12.3,12.04,8.92,9.49,57.59,2.83,8.92,91.12,PHL_5
3.29,0.0,2017,6,PHL,0.4638758,48.48,11.48,100.0,67.05,6.46,24.77,85.05,36.59,49.13,90.08,28.05,13.18,46.04,21.22,,12.6,21.71,3.33,3.29,71.93,2.9,6.68,97.51,PHL_6
5.02,0.0,2017,7,PHL,0.2365542,35.97,10.21,100.0,40.62,9.87,22.42,69.78,26.37,44.59,72.58,35.05,22.43,40.47,11.97,,8.89,18.16,3.41,5.02,57.59,3.12,13.48,87.95,PHL_7
6.99,0.0,2017,8,PHL,0.8264966,7.18,10.59,100.0,49.09,7.92,38.04,79.04,43.47,43.44,76.13,43.06,8.72,66.19,25.59,,13.98,20.35,6.39,6.99,59.41,3.27,16.38,95.39,PHL_8
5.62,0.0,2017,9,PHL,0.7495787,48.91,10.52,100.0,48.54,15.18,54.73,80.44,49.96,49.16,62.98,36.93,9.08,47.11,32.93,,17.76,21.05,4.82,5.62,59.41,3.39,18.68,95.31,PHL_9
4.23,0.0,2017,10,PHL,1.081102,46.54,10.54,100.0,60.16,30.33,56.16,75.25,53.99,45.93,72.19,37.65,9.25,59.8,23.11,,7.89,15.61,2.94,4.23,63.5,2.74,17.08,92.53,PHL_10
7.29,0.0,2017,11,PHL,0.9532179,43.31,9.88,100.0,40.41,9.5,41.38,76.73,48.04,44.74,61.47,41.99,11.58,56.89,26.47,,14.17,17.88,6.36,7.29,57.59,3.62,13.88,86.05,PHL_11
4.46,0.0,2017,12,PHL,0.8864069,29.75,9.8,100.0,41.97,16.87,54.59,81.75,43.41,40.03,53.3,40.91,19.5,47.85,21.85,,20.18,36.73,3.27,4.46,57.31,3.43,14.44,88.06,PHL_12
3.52,0.0,2017,13,PHL,1.023499,41.08,10.54,100.0,43.27,7.03,36.11,65.73,53.87,47.42,81.17,36.82,10.07,58.03,16.69,,20.54,33.41,3.09,3.52,59.41,3.11,6.41,87.55,PHL_13
6.12,0.0,2017,14,PHL,0.932213,57.19,10.36,100.0,48.82,16.12,34.13,64.93,45.83,40.26,78.17,35.66,12.43,42.16,18.97,,11.88,22.96,5.51,6.12,57.31,4.08,27.44,86.5,PHL_14
4.45,0.3333333,2017,15,PHL,0.4751783,30.3,11.95,100.0,55.96,21.51,30.21,66.07,39.97,61.34,67.41,26.71,15.17,36.22,28.23,,8.7,11.8,2.14,4.45,64.1,2.94,7.07,96.73,PHL_15
13.92,0.0,2017,16,PHL,1.13104,32.75,10.5,100.0,49.66,14.59,38.86,70.0,56.6,53.38,66.39,45.71,14.11,78.61,20.63,,16.13,24.48,10.43,13.92,61.67,3.07,10.13,90.6,PHL_16
1.6,0.0,2017,17,PHL,0.9856797,9.51,8.49,100.0,15.36,4.97,17.28,40.52,37.32,41.16,43.31,37.88,12.45,21.87,6.44,,10.54,11.95,1.17,1.6,35.56,3.53,12.09,83.99,PHL_17
15.41,0.08333333,2010,1,RWA,0.02382787,80.67,6.89,90.37,,9.01,82.7,50.79,29.77,27.77,61.8,31.01,34.28,23.75,10.5,,,,30.5,15.41,31.28,5.31,14.08,63.77,RWA_1
28.17,0.08333333,2010,2,RWA,0.3865815,11.23,4.27,78.29,,2.25,66.34,3.24,21.44,46.05,14.99,52.49,56.94,24.43,10.0,,,,46.33,28.17,14.44,4.41,12.97,3.1,RWA_2
28.09,0.25,2010,3,RWA,0.5136014,4.32,3.89,72.74,,2.25,55.24,4.82,15.24,26.65,23.94,53.22,53.35,18.99,6.16,,,,48.1,28.09,13.49,4.16,7.65,7.84,RWA_3
23.63,0.08333333,2010,4,RWA,0.5124365,5.61,4.16,75.65,,3.46,75.88,4.03,18.01,26.31,19.25,57.86,55.04,14.35,4.79,,,,40.18,23.63,14.05,4.7,7.36,4.45,RWA_4
30.49,0.08333333,2010,5,RWA,0.4386702,4.19,4.01,74.2,,3.07,70.94,3.75,13.67,24.72,13.87,57.48,59.37,15.56,5.37,,,,43.93,30.49,14.44,5.33,16.72,4.12,RWA_5
11.23,0.0,2015,1,RWA,0.01360567,78.97,7.33,92.13,,9.83,80.64,52.21,19.43,29.07,61.31,29.89,27.19,22.37,10.75,,,,16.02,11.23,37.45,4.97,17.42,76.43,RWA_1
12.12,0.08333333,2015,3,RWA,0.112445,13.38,4.85,77.9,,4.63,52.36,9.48,15.06,28.9,31.93,50.1,42.79,19.65,13.72,,,,14.7,12.12,14.44,4.45,7.87,21.53,RWA_3
13.92,0.0,2015,5,RWA,-0.06343119,7.38,4.63,76.29,,5.4,56.98,9.91,20.35,35.75,15.01,54.02,50.13,22.56,10.6,,,,17.55,13.92,14.44,4.82,12.62,21.04,RWA_5
7.84,0.08333333,2017,1,SEN,-0.2301065,81.23,5.89,62.67,32.46,20.05,47.84,84.18,90.79,12.89,84.61,5.21,3.28,7.41,3.84,,23.57,60.46,8.19,7.84,70.8,9.97,53.81,90.26,SEN_1
7.84,0.3333333,2017,2,SEN,-0.3611253,23.42,2.58,34.88,12.92,4.81,57.74,56.72,78.27,11.92,59.68,6.2,4.4,9.43,3.58,,22.53,50.1,7.85,7.84,42.92,10.61,53.23,54.39,SEN_2
12.05,0.25,2017,3,SEN,-0.054158,35.18,3.09,36.27,12.25,4.51,38.7,43.26,87.21,8.98,57.91,3.88,4.64,5.8,2.5,,32.15,57.97,10.8,12.05,39.63,11.1,57.07,49.83,SEN_3
12.57,0.5,2017,4,SEN,-0.2799949,31.68,3.84,44.36,9.36,3.78,52.58,32.97,79.74,6.64,39.58,28.21,15.77,4.24,1.67,,29.64,72.9,11.93,12.57,27.28,11.72,58.51,42.19,SEN_4
5.9,0.1666667,2018,1,SEN,-0.5813082,82.4,6.31,65.62,47.52,26.72,49.96,85.43,89.88,13.0,84.3,7.42,3.49,5.56,5.17,,18.73,58.92,5.72,5.9,73.07,8.8,56.23,92.38,SEN_1
4.47,0.1666667,2018,2,SEN,-0.673048,20.15,2.49,32.94,15.38,3.7,48.17,59.85,91.29,7.67,59.63,2.98,2.45,5.14,2.81,,20.22,53.3,4.61,4.47,48.98,12.07,64.94,58.53,SEN_2
7.04,0.25,2018,3,SEN,-0.6846478,34.94,3.31,40.74,20.84,5.57,42.09,55.56,88.02,10.86,48.89,3.65,2.01,3.02,2.14,,17.64,47.86,5.96,7.04,44.6,11.09,52.45,60.5,SEN_3
4.1,0.1666667,2018,4,SEN,-0.5831385,31.82,4.35,51.96,18.2,8.15,40.27,35.98,80.89,4.93,44.36,48.41,21.76,1.78,1.88,,30.52,75.08,4.46,4.1,31.94,12.13,59.03,49.28,SEN_4
6.3,0.0,2019,1,SEN,-0.1292041,81.67,5.77,63.35,50.9,16.3,42.03,75.12,72.97,13.9,85.93,3.35,3.44,8.7,6.74,,21.45,59.35,5.24,6.3,71.44,10.46,55.21,93.31,SEN_1
3.35,0.08333333,2019,2,SEN,-0.07426874,23.28,2.87,34.67,29.41,7.28,47.86,62.06,84.53,9.46,54.15,1.99,2.53,4.71,3.54,,20.61,47.45,3.27,3.35,49.89,12.09,60.53,66.42,SEN_2
5.24,0.1666667,2019,3,SEN,-0.09601607,39.04,3.06,34.75,26.15,7.43,29.61,50.15,92.67,11.72,68.44,2.42,1.6,2.97,1.27,,12.7,25.47,6.01,5.24,42.66,10.63,53.97,64.14,SEN_3
7.44,0.1666667,2019,4,SEN,-0.1250688,31.39,4.35,52.33,23.3,9.05,38.48,36.01,85.51,4.87,47.49,45.61,16.13,2.72,1.16,,30.36,76.89,5.76,7.44,34.99,12.54,67.25,49.21,SEN_4
29.63,0.0,2013,1,SLE,-0.1649261,32.11,2.89,30.25,,4.39,31.92,6.71,52.81,15.71,29.3,56.77,50.74,10.36,11.45,,,,30.89,29.63,11.15,9.82,47.22,8.85,SLE_1
26.35,0.08333333,2013,2,SLE,-0.1569547,16.24,2.72,28.08,,4.0,42.38,5.9,33.14,14.55,19.96,34.37,32.86,6.1,5.24,,,,26.5,26.35,12.87,10.06,44.53,2.91,SLE_2
23.38,0.0,2013,3,SLE,-0.1442202,21.11,2.75,29.06,,2.27,28.3,6.9,44.54,12.66,21.87,54.94,48.5,7.51,6.0,,,,21.2,23.38,11.15,9.27,36.8,7.72,SLE_3
28.92,0.08333333,2013,4,SLE,-0.1103534,92.93,6.74,63.02,,18.43,56.38,44.77,40.29,26.76,71.8,10.1,10.03,10.79,10.03,,,,31.03,28.92,39.93,8.3,43.17,58.73,SLE_4
38.27,0.08333333,2019,1,SLE,-0.253078,39.9,3.99,34.49,5.56,0.5,17.78,6.03,37.72,23.01,31.41,50.97,45.58,8.99,11.7,,34.75,44.78,27.42,38.27,15.14,9.46,45.87,13.17,SLE_1
45.1,0.08333333,2019,2,SLE,-0.2530368,26.45,3.56,35.57,5.44,1.57,25.83,8.77,47.68,19.41,30.67,44.97,39.01,12.17,12.04,,58.52,52.67,44.57,45.1,14.44,9.18,41.12,12.19,SLE_2
37.84,0.0,2019,3,SLE,-0.24892,24.42,3.88,37.71,7.19,1.57,16.51,6.62,33.22,16.54,34.31,44.79,38.61,7.09,7.17,,58.53,63.38,29.01,37.84,12.87,8.78,40.68,10.75,SLE_3
47.44,0.0,2019,4,SLE,-0.1103534,97.62,7.24,64.66,30.15,6.37,32.03,37.95,21.81,24.13,74.54,16.46,4.7,8.84,17.78,,43.67,48.4,46.25,47.44,47.07,8.03,36.36,66.16,SLE_4
8.4,0.0,2013,1,TGO,0.1186773,100.0,6.72,72.19,,11.74,56.79,75.13,91.88,15.23,87.3,6.52,7.33,12.17,12.7,,,,9.51,8.4,50.52,7.07,37.11,89.01,TGO_1
7.1,0.08333333,2013,2,TGO,0.152544,15.01,4.07,44.6,,2.79,42.43,21.34,94.81,18.19,86.32,10.97,11.83,12.37,9.95,,,,6.73,7.1,19.14,7.08,30.12,32.45,TGO_2
9.16,0.0,2013,3,TGO,0.05199678,21.06,4.12,47.11,,5.94,42.5,22.32,80.13,15.82,52.5,12.77,11.5,11.84,14.96,,,,8.61,9.16,19.94,7.72,23.66,30.83,TGO_3
16.45,0.0,2013,4,TGO,-0.01363561,27.69,4.24,48.67,,4.21,64.14,37.66,92.74,9.81,69.89,10.72,6.68,9.94,28.12,,,,14.09,16.45,26.81,7.85,17.63,44.51,TGO_4
13.28,0.0,2013,5,TGO,0.05084754,28.23,4.14,50.21,,4.13,50.32,26.75,96.44,12.92,63.11,10.12,7.59,14.63,6.89,,,,15.45,13.28,23.5,7.87,21.54,31.65,TGO_5
15.3,0.0,2013,6,TGO,-0.1680026,18.68,2.2,23.62,,0.85,25.48,10.63,84.43,11.98,50.29,16.2,13.35,7.61,19.32,,,,15.82,15.3,21.9,9.78,32.04,14.33,TGO_6
9.05,0.0,2012,1,TJK,0.5313611,100.0,10.6,100.0,,42.97,28.58,87.48,35.97,30.59,91.59,52.08,2.67,19.02,10.04,,,,10.31,9.05,76.81,4.35,7.33,100.0,TJK_1
10.0,0.0,2012,2,TJK,0.01053391,14.34,11.67,100.0,,50.5,8.0,78.6,44.57,40.05,94.72,58.09,51.64,20.2,20.06,,,,10.47,10.0,53.24,3.71,9.19,95.85,TJK_2
17.17,0.1666667,2012,3,TJK,0.2108129,21.11,10.35,100.0,,39.39,31.72,85.92,36.32,15.04,64.27,61.47,29.57,18.44,8.16,,,,18.83,17.17,58.82,3.25,3.51,98.83,TJK_3
11.19,0.08333333,2012,4,TJK,0.206241,12.9,9.27,100.0,,29.6,32.15,79.83,40.71,35.56,80.51,61.39,34.17,12.97,7.58,,,,11.18,11.19,55.5,4.37,5.29,99.84,TJK_4
11.78,0.0,2012,5,TJK,0.2650578,17.59,9.12,100.0,,18.03,17.9,83.6,26.74,18.86,35.35,39.75,31.09,10.61,6.77,,,,14.03,11.78,48.54,3.88,2.48,99.64,TJK_5
6.94,0.0,2017,1,TJK,0.2501149,100.0,11.17,98.82,28.45,38.74,33.42,87.19,25.93,29.84,97.83,43.44,,15.84,12.42,,16.26,24.58,9.45,6.94,76.81,4.43,6.57,98.16,TJK_1
16.34,0.0,2017,2,TJK,0.535828,13.65,12.01,97.64,22.75,41.15,5.96,86.26,30.93,34.55,90.58,51.99,,17.31,12.79,,44.35,38.67,18.09,16.34,61.9,3.91,6.66,92.57,TJK_2
9.85,0.0,2017,3,TJK,0.2634617,22.33,10.81,97.44,15.98,23.11,17.85,88.44,26.33,18.0,67.56,31.81,,13.11,5.53,,21.02,42.71,11.66,9.85,62.69,3.28,2.82,99.96,TJK_3
14.07,0.0,2017,4,TJK,0.3918159,12.87,9.5,94.77,5.61,15.81,9.19,86.96,31.52,21.02,71.76,26.7,,5.22,4.4,,17.91,27.63,15.75,14.07,62.69,4.57,3.46,99.46,TJK_4
27.75,0.0,2017,5,TJK,0.2882072,17.18,9.82,90.63,2.78,12.38,9.02,84.88,30.92,27.1,77.9,41.37,,14.52,10.67,,39.63,37.03,28.72,27.75,57.87,3.98,3.82,99.27,TJK_5
21.18,0.0,2009,1,TLS,-0.1128201,8.18,5.84,65.02,,20.53,31.31,15.29,14.77,61.99,4.79,,,19.96,15.27,,,,20.5,21.18,16.62,6.2,20.2,27.67,TLS_1
7.62,0.0,2009,2,TLS,-0.1248578,17.28,5.86,57.76,,11.86,18.26,10.65,70.57,56.13,13.8,,,47.79,81.12,,,,10.04,7.62,13.13,4.56,16.48,18.52,TLS_2
34.51,0.0,2009,3,TLS,-0.0746484,5.9,6.92,69.29,,16.36,31.23,23.71,20.22,68.88,40.31,,,14.06,3.85,,,,28.47,34.51,17.77,4.76,18.2,39.09,TLS_3
14.08,0.0,2009,4,TLS,-0.1349663,10.03,5.17,58.05,,17.07,32.67,29.62,19.84,81.14,12.7,,,5.21,5.73,,,,21.24,14.08,19.94,6.19,26.18,25.53,TLS_4
57.37,0.0,2009,5,TLS,-0.1364741,18.92,7.29,74.22,,23.46,43.28,36.1,32.14,41.54,20.5,,,21.5,21.95,,,,44.17,57.37,21.06,5.28,16.81,36.41,TLS_5
32.81,0.0,2009,6,TLS,-0.1128201,89.95,10.33,89.17,,42.19,67.84,87.9,42.05,60.05,55.43,,,30.63,24.93,,,,28.95,32.81,64.7,5.03,8.58,96.28,TLS_6
17.39,0.0,2009,7,TLS,-0.1287002,5.83,4.27,47.2,,17.35,19.11,10.5,48.41,72.86,6.28,,,13.27,19.0,,,,15.38,17.39,16.87,4.81,14.28,14.83,TLS_7
42.28,0.0,2009,8,TLS,-0.1206547,23.15,7.28,78.12,,12.03,21.94,28.99,56.21,36.75,32.07,,,37.3,30.48,,,,50.23,42.28,19.21,6.06,39.05,33.21,TLS_8
25.67,0.0,2009,9,TLS,-0.05198792,11.05,5.71,62.77,,22.96,42.05,29.38,26.81,56.25,12.07,,,16.69,12.68,,,,22.57,25.67,24.69,6.24,15.67,39.86,TLS_9
10.59,0.0,2009,10,TLS,-0.1023175,2.63,7.02,73.74,,26.67,32.42,36.31,40.51,52.77,15.19,,,21.73,53.13,,,,9.2,10.59,35.63,4.75,20.75,49.24,TLS_10
64.96,0.0,2009,11,TLS,-0.1023175,23.99,6.8,70.31,,24.94,50.15,29.98,44.78,66.17,15.05,,,39.42,11.02,,,,73.68,64.96,14.44,5.76,16.34,37.5,TLS_11
43.85,0.0,2009,12,TLS,-0.1563531,16.58,4.29,51.59,,7.79,18.39,29.2,23.96,58.98,5.45,,,37.18,19.13,,,,49.5,43.85,8.09,5.66,28.92,16.86,TLS_12
20.44,0.0,2009,13,TLS,-0.08834331,6.53,5.94,66.64,,11.59,15.78,21.63,3.24,60.18,7.98,,,6.53,5.37,,,,24.17,20.44,12.87,4.41,22.82,32.14,TLS_13
23.98,0.1666667,2016,1,TLS,-0.0434864,7.79,6.81,74.03,9.2,5.19,12.37,21.19,35.04,71.33,29.53,94.0,88.36,31.76,40.73,,13.15,25.59,29.14,23.98,37.02,5.68,14.27,71.59,TLS_1
33.25,0.1666667,2016,2,TLS,-0.04866658,12.79,6.17,64.82,8.89,1.76,10.66,15.11,22.34,55.82,55.43,84.59,83.44,17.63,23.81,,8.45,15.62,37.91,33.25,26.4,5.4,26.1,58.67,TLS_2
20.11,0.1666667,2016,3,TLS,-0.0281157,18.27,7.94,76.91,20.09,4.41,10.15,37.49,37.89,48.55,69.32,68.81,62.62,32.0,53.74,,10.0,21.5,22.44,20.11,36.72,5.05,13.95,88.43,TLS_3
30.43,0.1666667,2016,4,TLS,-0.05168852,16.55,5.59,60.32,11.27,5.36,17.23,38.37,27.19,53.91,30.44,80.33,71.0,36.93,49.7,,5.97,17.42,35.43,30.43,46.1,5.32,21.4,79.28,TLS_4
43.59,0.1666667,2016,5,TLS,-0.05099411,13.34,7.33,69.91,8.59,4.36,9.15,19.83,48.41,51.11,63.4,91.44,90.76,31.61,56.73,,12.53,21.71,48.01,43.59,36.91,5.52,18.43,71.51,TLS_5
16.46,0.1666667,2016,6,TLS,-0.0434864,91.66,11.08,91.07,40.07,11.91,16.29,65.88,44.43,49.96,75.48,80.15,32.02,31.06,49.13,,7.58,12.3,24.46,16.46,71.85,4.48,12.18,97.61,TLS_6
44.09,0.1666667,2016,7,TLS,-0.04870553,6.86,4.5,53.88,4.99,5.11,8.14,12.89,31.53,86.27,17.62,98.11,97.98,35.93,45.81,,14.48,13.82,46.93,44.09,25.83,5.39,23.03,51.31,TLS_7
29.96,0.1666667,2016,8,TLS,-0.04654139,22.59,7.35,74.48,21.1,4.6,11.95,32.95,40.27,62.1,52.88,97.27,87.22,34.89,39.63,,4.92,14.42,36.19,29.96,38.9,5.52,25.21,85.75,TLS_8
46.91,0.1666667,2016,9,TLS,-0.01771357,8.82,6.61,72.15,10.52,10.37,20.69,26.96,35.95,71.93,26.59,96.7,94.99,41.16,52.93,,4.98,11.87,48.39,46.91,44.04,5.08,17.0,74.93,TLS_9
22.82,0.1666667,2016,10,TLS,-0.03982003,8.34,7.24,73.16,13.77,6.32,14.03,43.92,42.59,47.4,68.45,95.41,68.98,19.52,79.01,,6.04,11.36,27.94,22.82,45.81,5.08,17.21,93.53,TLS_10
26.77,0.1666667,2016,11,TLS,-0.03982003,13.05,7.65,77.9,19.22,5.81,23.75,37.31,30.85,80.24,21.88,84.24,82.6,26.26,35.06,,4.58,11.65,37.38,26.77,36.54,5.34,18.26,67.2,TLS_11
34.35,0.08333333,2016,12,TLS,-0.102917,20.46,5.65,64.19,4.0,5.44,7.47,20.2,44.92,46.96,20.55,90.68,88.77,22.74,52.78,,10.31,13.68,29.83,34.35,19.21,5.93,24.48,75.68,TLS_12
27.2,0.1666667,2016,13,TLS,-0.03423263,7.29,6.76,73.51,7.54,8.03,9.06,28.92,19.59,81.39,62.73,97.8,92.73,32.8,37.44,,4.31,22.63,24.87,27.2,36.72,4.52,11.5,69.49,TLS_13
49.63,0.0,2010,1,TZA,-0.1898834,12.95,4.74,61.11,,11.65,42.85,4.86,35.24,17.09,7.97,,,11.18,3.71,,,,43.06,49.63,8.09,6.7,24.01,2.37,TZA_1
25.58,0.0,2010,2,TZA,-0.2332682,26.6,5.78,72.47,,17.41,53.72,19.53,42.37,17.02,84.99,,,10.15,6.12,,,,30.77,25.58,10.05,8.64,38.57,13.22,TZA_2
13.1,0.08333333,2010,3,TZA,-0.06875211,28.94,7.55,88.67,,17.86,72.84,33.82,44.82,35.77,46.56,,,23.61,16.72,,,,12.42,13.1,17.11,5.78,16.56,31.73,TZA_3
12.08,0.0,2010,4,TZA,-0.475346,26.37,5.76,68.74,,11.78,55.34,26.85,29.45,19.2,43.81,,,17.72,9.38,,,,6.6,12.08,9.97,8.0,28.24,24.89,TZA_4
48.33,0.08333333,2010,5,TZA,-0.5408738,35.11,5.55,72.41,,27.78,68.06,25.22,21.62,20.9,34.12,,,14.34,5.44,,,,42.97,48.33,12.79,6.59,16.35,13.13,TZA_5
26.88,0.08333333,2010,6,TZA,-0.4203157,35.07,5.04,68.43,,22.99,75.4,23.22,28.7,17.69,36.27,,,4.79,2.04,,,,26.08,26.88,12.79,9.19,24.05,10.79,TZA_6
23.7,0.1666667,2010,7,TZA,-0.6039968,92.47,7.81,84.05,,46.2,73.88,72.01,59.95,21.01,89.59,,,31.69,14.54,,,,25.52,23.7,38.46,7.3,30.07,68.08,TZA_7
23.54,0.25,2010,8,TZA,-0.5563868,16.79,4.29,61.76,,15.88,49.59,8.49,10.78,51.76,9.48,,,13.42,7.18,,,,20.14,23.54,10.05,6.96,27.0,3.49,TZA_8
25.12,0.1666667,2010,9,TZA,-0.08740569,25.94,5.64,71.57,,20.25,48.27,13.3,23.86,35.88,9.05,,,10.21,7.62,,,,24.43,25.12,10.05,6.92,41.15,11.56,TZA_9
36.29,0.25,2010,10,TZA,-0.3893369,18.47,6.75,81.38,,10.69,55.54,16.48,17.37,26.81,20.47,,,12.08,6.06,,,,33.08,36.29,13.11,5.7,18.29,7.48,TZA_10
33.86,0.08333333,2010,11,TZA,-0.3742869,24.78,6.48,80.85,,13.27,66.25,19.66,29.85,29.76,34.37,,,30.38,16.29,,,,37.03,33.86,13.11,6.36,23.12,19.49,TZA_11
46.23,0.1666667,2010,12,TZA,-0.2920627,21.91,5.85,70.41,,35.97,66.44,28.51,21.95,20.67,32.03,,,9.74,8.87,,,,43.92,46.23,13.11,8.24,27.63,14.09,TZA_12
45.55,0.0,2010,13,TZA,-0.0678791,19.01,5.72,73.46,,20.55,58.28,9.54,23.02,19.95,17.62,,,14.74,5.52,,,,50.11,45.55,10.05,6.89,18.34,5.66,TZA_13
36.21,0.08333333,2010,14,TZA,-0.07894931,10.3,4.1,55.47,,8.83,51.23,17.26,28.44,15.49,21.54,,,6.86,3.75,,,,29.61,36.21,13.11,6.75,15.03,9.42,TZA_14
44.01,0.25,2010,15,TZA,-0.2691724,16.84,4.52,60.49,,26.13,52.93,9.62,11.67,22.77,20.6,,,5.61,3.07,,,,44.55,44.01,9.97,5.67,18.2,5.46,TZA_15
32.37,0.08333333,2010,16,TZA,0.00451835,30.37,5.32,71.74,,17.01,50.93,18.39,24.16,14.89,31.4,,,26.37,7.62,,,,30.88,32.37,10.05,6.3,16.33,5.49,TZA_16
33.84,0.08333333,2010,19,TZA,0.2980585,18.1,5.04,63.6,,10.62,50.88,17.06,37.35,26.6,24.61,,,12.41,3.24,,,,33.1,33.84,13.11,7.47,21.9,9.92,TZA_19
57.46,0.08333333,2010,20,TZA,0.1770414,15.3,6.0,72.86,,9.56,43.51,10.5,56.69,13.36,14.99,,,12.3,6.44,,,,56.22,57.46,10.05,10.21,23.99,5.87,TZA_20
7.6,0.08333333,2010,51,TZA,-0.573987,0.0,5.73,69.57,,5.11,68.08,11.2,70.66,14.74,66.42,,,29.72,5.33,,,,5.83,7.6,18.76,7.47,39.24,12.09,TZA_51
15.24,0.08333333,2010,52,TZA,-0.573987,4.59,7.83,88.08,,17.39,89.59,33.08,83.29,25.47,92.23,,,40.75,11.44,,,,12.45,15.24,28.25,7.99,32.67,25.91,TZA_52
10.24,0.08333333,2010,53,TZA,-0.4788435,84.76,8.66,87.85,,21.25,76.56,62.39,82.36,17.46,94.16,,,36.46,4.68,,,,5.21,10.24,54.29,8.5,54.18,73.55,TZA_53
21.93,0.0,2015,1,TZA,-0.2127228,19.67,5.64,71.98,1.21,7.16,23.04,7.56,26.5,45.65,61.74,58.7,57.5,9.35,9.31,,14.76,16.01,25.15,21.93,17.7,7.04,22.52,4.62,TZA_1
23.08,0.0,2015,2,TZA,-0.03088883,29.14,6.35,76.36,6.81,13.26,45.62,26.17,40.87,22.62,58.55,42.66,29.3,13.26,5.84,,16.94,25.8,26.81,23.08,21.19,8.23,32.03,24.01,TZA_2
13.53,0.0,2015,3,TZA,-0.01162418,34.77,7.96,92.78,9.18,17.41,60.27,41.43,39.61,30.5,73.19,25.25,20.07,18.35,9.98,,23.7,26.87,19.77,13.53,38.03,4.93,12.5,46.23,TZA_3
10.17,0.0,2015,4,TZA,-0.1152699,40.89,6.53,75.11,5.14,20.97,53.95,41.85,57.53,29.13,63.23,30.82,23.58,13.71,9.11,,34.35,41.22,13.7,10.17,27.71,7.51,29.96,38.53,TZA_4
14.32,0.1666667,2015,5,TZA,-0.4067987,33.27,6.38,82.11,6.43,21.28,52.2,28.7,28.98,37.52,64.3,30.59,27.87,12.9,8.3,,13.0,29.7,18.81,14.32,22.37,6.56,30.35,27.05,TZA_5
13.87,0.08333333,2015,7,TZA,-0.3340656,100.0,8.24,91.25,25.38,25.16,58.57,67.55,46.92,21.03,87.81,18.65,12.4,20.42,14.49,,10.83,25.04,19.13,13.87,52.03,6.78,22.6,77.82,TZA_7
14.5,0.3333333,2015,9,TZA,-0.324585,26.85,5.95,71.73,2.35,7.52,46.92,14.47,22.7,21.31,32.43,45.73,46.93,13.33,6.62,,11.09,20.05,16.33,14.5,21.19,6.17,16.94,15.35,TZA_9
21.96,0.1666667,2015,11,TZA,-0.6044342,36.43,7.21,87.84,5.62,11.7,43.8,25.16,20.71,35.48,68.84,50.33,46.4,17.14,6.92,,9.15,20.12,26.09,21.96,23.46,5.47,13.19,29.59,TZA_11
30.57,0.08333333,2015,12,TZA,-0.1289567,34.35,6.95,81.97,4.39,18.1,39.08,18.86,21.77,42.45,66.55,44.92,41.13,12.16,11.6,,12.98,28.81,36.17,30.57,19.04,7.55,14.03,18.23,TZA_12
27.43,0.08333333,2015,15,TZA,-0.00214995,26.36,4.94,62.03,2.51,19.31,42.64,21.44,14.35,34.74,39.39,37.34,38.42,8.26,6.14,,27.45,41.13,30.86,27.43,17.7,5.72,14.39,9.23,TZA_15
25.61,0.1666667,2015,16,TZA,-0.08895984,18.81,5.42,68.57,2.58,7.56,41.15,15.0,52.4,19.32,28.23,44.23,37.94,24.79,9.73,,10.29,24.99,28.4,25.61,17.7,6.8,23.86,10.35,TZA_16
28.63,0.0,2015,19,TZA,0.1842111,25.11,5.76,72.02,2.84,7.45,41.07,16.56,40.18,30.44,40.87,38.01,33.99,19.21,5.37,,20.4,39.88,33.34,28.63,19.22,6.73,22.45,14.63,TZA_19
42.57,0.0,2015,20,TZA,-0.1015352,25.06,6.43,71.56,2.86,13.5,50.24,25.91,20.81,19.3,39.97,53.49,40.75,9.93,6.9,,30.03,33.32,52.16,42.57,15.93,8.84,35.23,17.1,TZA_20
3.8,0.0,2015,51,TZA,-0.3060474,8.59,6.65,81.24,0.69,8.62,58.13,25.99,82.43,13.66,78.47,7.71,9.09,18.88,8.62,,19.61,42.3,3.35,3.8,29.19,7.49,42.35,19.94,TZA_51
5.27,0.0,2015,52,TZA,-0.1519482,6.42,8.34,89.08,3.52,3.23,70.29,35.1,92.97,9.49,91.18,12.89,16.08,26.73,9.15,,27.83,50.44,4.75,5.27,33.48,6.23,35.76,35.64,TZA_52
4.24,0.0,2015,53,TZA,-0.2604439,52.15,9.19,94.0,16.63,15.66,68.4,70.48,81.51,23.48,93.02,13.51,9.56,20.95,9.15,,12.45,43.18,4.88,4.24,66.3,7.4,27.4,83.62,TZA_53
26.17,0.1666667,2006,1,UGA,-0.1492273,36.25,6.84,79.88,,32.91,88.99,28.14,74.13,13.13,39.27,,,16.99,7.99,,,,20.53,26.17,17.11,6.61,23.1,30.03,UGA_1
42.46,0.08333333,2006,2,UGA,-0.384705,8.12,4.96,50.66,,12.46,70.11,6.58,42.74,15.65,14.85,,,21.28,9.33,,,,39.69,42.46,9.97,6.6,21.98,3.1,UGA_2
36.3,0.25,2006,3,UGA,-0.3250981,11.53,3.3,34.02,,4.56,53.93,1.18,50.29,29.42,18.43,,,23.6,24.87,,,,36.74,36.3,9.97,5.72,15.1,1.24,UGA_3
34.37,0.3333333,2006,4,UGA,-0.09971955,8.69,4.29,54.16,,7.6,75.72,3.68,42.97,20.56,12.9,,,25.54,18.07,,,,36.88,34.37,9.97,5.86,19.55,4.52,UGA_4
21.24,0.0,2011,1,UGA,0.1160227,42.05,7.38,81.37,,29.39,77.59,40.56,67.38,13.93,72.88,25.76,27.71,21.75,11.64,,,,15.13,21.24,21.9,6.62,22.57,39.42,UGA_1
29.25,0.0,2011,2,UGA,-0.1392273,10.67,5.51,52.55,,9.64,65.92,9.74,52.68,20.99,31.8,48.4,37.2,26.35,13.23,,,,24.37,29.25,11.25,6.61,20.39,5.7,UGA_2
33.28,0.5,2011,3,UGA,0.01252018,8.9,3.94,42.66,,7.05,70.61,6.02,53.08,24.54,54.32,60.14,51.59,24.5,21.23,,,,32.2,33.28,9.97,5.84,12.89,1.97,UGA_3
28.45,0.4166667,2011,4,UGA,0.05995776,9.49,5.22,69.08,,9.77,80.23,13.61,36.63,21.03,37.23,48.99,44.41,21.09,20.27,,,,26.52,28.45,11.15,6.16,23.67,8.82,UGA_4
16.57,0.0,2016,1,UGA,0.9412286,47.98,8.24,82.63,16.48,19.38,67.03,45.28,68.98,16.38,68.3,23.82,18.81,35.88,14.51,,35.35,45.42,17.14,16.57,31.1,6.42,16.01,59.33,UGA_1
24.01,0.0,2016,2,UGA,0.5776765,15.84,6.41,64.18,3.44,10.1,58.74,14.91,48.43,23.91,41.96,40.78,30.24,26.29,13.85,,32.5,40.12,21.88,24.01,14.44,6.01,18.51,17.71,UGA_2
25.93,0.0,2016,3,UGA,0.05154749,14.99,4.78,50.0,1.47,2.87,46.46,5.23,49.76,26.47,31.89,49.2,39.95,39.34,21.64,,26.34,38.72,27.82,25.93,10.05,5.88,15.52,9.16,UGA_3
23.08,0.0,2016,4,UGA,0.2407891,21.94,5.94,68.15,3.27,3.99,57.82,11.12,40.95,28.27,49.82,42.67,38.52,22.17,16.96,,25.61,39.46,24.24,23.08,13.49,5.8,17.81,29.14,UGA_4
10.24,0.3333333,2016,1,ZAF,-0.3560709,97.83,10.89,99.08,58.68,74.65,75.17,91.89,21.2,45.81,97.67,31.06,,40.63,18.84,,42.43,37.1,13.21,10.24,80.83,3.91,28.5,98.77,ZAF_1
9.84,0.25,2016,4,ZAF,-0.3133173,86.31,10.41,98.59,37.87,46.7,68.0,78.05,15.49,40.9,95.42,30.49,,21.63,15.76,,34.23,25.33,12.34,9.84,76.81,4.81,34.47,94.67,ZAF_4
9.71,0.4166667,2016,5,ZAF,-0.2716475,51.97,10.11,95.97,36.72,27.31,47.32,63.13,34.3,42.65,93.0,25.34,,42.5,21.72,,36.1,34.92,10.78,9.71,66.92,5.21,28.51,85.4,ZAF_5
7.24,0.5,2016,7,ZAF,-0.2602606,67.4,10.5,95.7,43.68,39.49,53.47,75.02,34.87,37.42,92.92,28.05,,42.22,17.88,,43.28,39.09,6.6,7.24,71.25,5.61,20.62,91.23,ZAF_7
24.53,0.0,2007,1,ZMB,0.1485016,29.86,6.41,69.05,,16.23,59.35,30.63,49.54,24.91,79.37,,,23.06,12.74,,,,28.93,24.53,12.31,6.45,16.62,16.21,ZMB_1
43.65,0.0,2007,2,ZMB,0.2290492,84.38,8.16,80.33,,26.66,73.67,55.79,48.67,27.1,81.58,,,42.5,16.14,,,,53.29,43.65,36.57,6.81,17.32,48.87,ZMB_2
25.62,0.0,2007,3,ZMB,0.149609,16.26,4.97,50.02,,17.1,53.85,11.86,22.86,31.39,40.37,,,37.79,11.38,,,,29.18,25.62,7.14,6.11,14.52,7.7,ZMB_3
46.36,0.0,2007,4,ZMB,0.239224,17.42,5.33,57.77,,4.52,43.87,9.99,41.14,22.34,24.43,,,38.02,6.94,,,,53.54,46.36,10.05,6.18,8.76,6.12,ZMB_4
32.68,0.0,2007,5,ZMB,-0.1425979,86.36,8.08,74.07,,36.41,69.2,64.8,48.25,26.45,93.24,,,31.64,19.48,,,,39.77,32.68,39.86,6.12,17.23,59.16,ZMB_5
32.62,0.0,2007,7,ZMB,0.2427465,19.18,5.01,46.64,,10.35,50.19,7.76,41.07,17.12,16.5,,,26.46,16.32,,,,37.03,32.62,6.85,6.3,15.84,4.43,ZMB_7
31.13,0.0,2007,8,ZMB,-0.09384518,26.14,6.82,66.62,,39.78,58.15,26.96,29.97,25.55,63.0,,,11.51,17.39,,,,38.16,31.13,12.87,6.17,17.24,19.68,ZMB_8
27.43,0.0,2007,9,ZMB,0.1470741,13.6,5.09,57.35,,8.68,35.2,9.58,9.34,33.5,25.06,,,16.67,8.12,,,,38.14,27.43,0.0,7.22,15.84,6.37,ZMB_9
17.25,0.0,2013,1,ZMB,0.1960055,28.26,6.82,68.17,,22.96,51.94,25.08,35.59,28.11,75.16,47.92,35.11,22.56,8.45,,,,19.33,17.25,16.81,6.41,14.06,16.13,ZMB_1
19.55,0.0,2013,2,ZMB,0.01687118,83.94,8.58,83.65,,24.17,56.7,65.46,38.74,27.4,79.68,29.39,18.24,45.37,14.68,,,,25.06,19.55,49.89,6.71,21.44,58.96,ZMB_2
18.16,0.0,2013,3,ZMB,-0.03625124,18.06,5.4,50.3,,17.73,49.93,21.11,24.5,36.6,43.57,61.64,41.27,27.97,7.49,,,,19.35,18.16,13.11,6.13,14.74,8.81,ZMB_3
24.33,0.0,2013,4,ZMB,0.1052076,21.46,5.52,48.08,,13.95,37.03,12.38,24.7,40.38,42.55,65.79,60.37,28.19,5.44,,,,27.57,24.33,13.11,5.79,11.61,6.78,ZMB_4
16.83,0.0,2013,5,ZMB,0.007442875,87.99,8.37,80.09,,31.95,61.85,76.73,45.53,27.56,92.76,24.04,15.0,40.86,14.4,,,,20.74,16.83,48.36,6.02,14.62,75.6,ZMB_5
14.39,0.0,2013,7,ZMB,0.1068105,28.1,6.38,60.91,,18.02,45.03,20.84,40.38,24.7,30.81,50.51,50.92,18.83,9.99,,,,16.62,14.39,10.05,5.88,10.78,16.02,ZMB_7
18.42,0.0,2013,8,ZMB,0.1135902,26.73,7.16,71.95,,21.64,47.3,29.38,36.64,19.82,52.92,53.41,34.1,22.4,17.22,,,,20.77,18.42,16.32,5.79,19.66,20.06,ZMB_8
16.79,0.0,2013,9,ZMB,0.140875,21.67,5.86,65.78,,8.07,31.49,15.82,20.41,27.47,25.04,60.84,46.63,34.99,18.17,,,,20.29,16.79,4.08,6.51,13.82,8.44,ZMB_9
11.44,0.0,2018,1,ZMB,0.738275,32.27,7.44,73.86,8.98,11.08,38.58,30.69,30.16,30.62,72.2,37.36,27.53,28.34,13.35,,7.76,15.76,14.94,11.44,20.9,6.14,16.1,27.83,ZMB_1
20.86,0.0,2018,2,ZMB,0.819517,86.37,8.79,77.08,17.4,14.46,42.17,62.78,46.83,22.58,74.74,14.66,8.37,60.22,15.76,,19.72,25.62,23.61,20.86,53.02,6.36,8.72,68.2,ZMB_2
19.59,0.08333333,2018,3,ZMB,0.3225574,16.8,5.45,49.53,3.6,10.72,30.33,17.51,23.0,34.11,45.97,53.75,48.41,35.06,7.85,,13.27,27.87,21.38,19.59,16.27,5.58,9.96,15.75,ZMB_3
19.64,0.0,2018,4,ZMB,0.5343072,23.5,5.9,50.37,5.11,6.22,43.27,22.3,15.28,29.15,39.4,46.82,31.78,50.81,4.51,,13.5,39.18,23.61,19.64,16.27,5.76,13.5,15.14,ZMB_4
14.01,0.08333333,2018,5,ZMB,0.5761406,87.38,8.77,80.01,18.62,15.18,43.06,72.86,39.55,24.78,97.69,20.78,9.18,43.06,14.19,,21.06,28.93,18.85,14.01,56.47,5.74,13.14,80.83,ZMB_5
8.33,0.0,2018,7,ZMB,0.4132315,24.52,7.08,64.44,8.68,1.01,11.75,18.86,22.7,38.3,58.76,40.2,39.79,26.14,10.57,,10.82,15.9,9.72,8.33,16.27,5.29,17.79,22.6,ZMB_7
24.32,0.0,2018,8,ZMB,0.02943471,33.22,7.53,72.22,5.54,5.35,26.97,22.78,30.59,22.92,68.93,30.54,20.5,34.16,16.32,,11.88,41.12,27.96,24.32,25.1,5.56,13.32,22.41,ZMB_8
14.41,0.0,2018,9,ZMB,0.09005215,22.91,6.14,63.3,5.77,9.37,19.74,14.44,23.17,11.28,20.67,39.62,28.14,45.53,15.06,,12.88,29.46,18.42,14.41,8.05,6.21,15.47,12.83,ZMB_9
14.79,0.4166667,2005,1,ZWE,-0.5808891,21.83,7.61,91.47,,19.32,39.13,25.5,28.82,21.19,77.06,,,10.43,23.34,,,,18.82,14.79,20.85,8.02,24.2,24.49,ZWE_1
20.69,0.3333333,2005,2,ZWE,-0.2819456,6.99,6.75,82.76,,8.37,39.15,15.43,45.93,26.13,61.36,,,14.49,30.6,,,,24.79,20.69,19.14,6.94,15.33,17.03,ZWE_2
25.36,0.4166667,2005,3,ZWE,-0.3796416,15.88,8.06,90.7,,14.39,38.08,23.74,44.87,46.55,76.49,,,26.39,25.74,,,,29.54,25.36,23.22,6.47,18.98,29.56,ZWE_3
19.94,0.4166667,2005,4,ZWE,-0.361878,36.06,7.37,84.62,,14.74,45.67,33.34,35.35,33.25,70.86,,,16.77,28.37,,,,25.79,19.94,26.28,6.95,23.7,43.09,ZWE_4
11.2,0.3333333,2005,5,ZWE,-0.3874661,14.16,7.15,88.27,,19.73,18.81,12.11,34.58,30.51,82.56,,,38.0,21.42,,,,15.83,11.2,10.35,7.17,15.87,15.95,ZWE_5
11.74,0.3333333,2005,6,ZWE,-0.5648508,19.31,7.85,92.79,,22.88,39.89,24.76,39.82,39.6,71.71,,,27.28,24.36,,,,17.25,11.74,20.4,7.19,21.77,23.09,ZWE_6
23.68,0.4166667,2005,7,ZWE,-0.4347378,30.78,7.92,93.57,,18.24,44.19,28.52,13.31,33.96,27.64,,,20.27,23.55,,,,30.71,23.68,22.84,7.38,23.81,32.92,ZWE_7
15.62,0.3333333,2005,8,ZWE,-0.5969402,7.66,6.91,87.48,,7.59,28.76,10.6,41.85,29.31,46.03,,,11.5,27.27,,,,20.24,15.62,14.44,6.84,17.81,9.86,ZWE_8
13.84,0.4166667,2005,9,ZWE,-0.3799808,100.0,9.3,97.94,,50.16,80.47,79.15,31.27,33.99,90.19,,,17.7,17.73,,,,21.31,13.84,66.56,6.41,20.25,87.21,ZWE_9
7.81,0.3333333,2005,10,ZWE,-0.5183343,100.0,9.22,98.26,,60.9,81.32,82.68,23.41,29.59,92.67,,,22.51,9.14,,,,13.86,7.81,69.69,6.46,27.72,99.14,ZWE_10
21.41,0.08333333,2010,1,ZWE,-0.03167921,20.35,8.92,94.44,,15.89,38.46,29.93,36.69,37.72,56.06,43.43,42.89,22.58,28.47,,,,23.57,21.41,31.28,6.69,18.38,27.73,ZWE_1
18.07,0.1666667,2010,3,ZWE,-0.1304178,14.37,9.11,95.01,,12.34,33.74,21.36,26.43,46.42,61.49,43.01,43.99,33.82,30.92,,,,20.99,18.07,32.22,7.14,23.19,20.92,ZWE_3
19.8,0.25,2010,4,ZWE,-0.02383252,25.42,8.39,91.41,,8.73,27.32,28.86,28.35,38.85,73.07,38.43,38.99,16.18,14.33,,,,22.07,19.8,30.06,6.25,13.91,38.95,ZWE_4
13.07,0.08333333,2010,6,ZWE,0.05596502,15.72,8.69,92.92,,5.4,15.94,12.3,27.16,41.3,61.17,32.25,29.36,28.49,8.34,,,,17.2,13.07,27.72,6.76,17.79,11.28,ZWE_6
15.7,0.08333333,2010,7,ZWE,0.01705336,30.24,9.0,95.74,,10.75,23.2,28.98,23.99,41.54,62.29,38.57,33.58,20.01,12.79,,,,19.03,15.7,28.93,6.47,13.28,32.39,ZWE_7
20.17,0.0,2010,8,ZWE,0.04427582,9.11,8.66,91.08,,8.35,21.07,16.56,39.0,28.49,74.05,54.81,52.17,20.32,17.24,,,,23.8,20.17,23.64,7.03,16.86,15.45,ZWE_8
21.06,0.1666667,2010,9,ZWE,-0.1285272,100.0,10.26,98.58,,32.58,47.23,65.81,29.02,31.05,88.88,15.37,17.17,28.2,18.38,,,,20.52,21.06,65.2,5.73,15.96,82.86,ZWE_9
16.8,0.08333333,2015,1,ZWE,-0.5171648,17.24,8.5,93.47,8.28,13.25,38.58,20.41,45.16,21.83,76.67,42.78,34.92,25.87,28.47,,14.0,,16.76,16.8,23.22,7.02,24.9,20.63,ZWE_1
14.99,0.08333333,2015,2,ZWE,-0.4946442,7.56,7.93,87.69,6.84,8.4,41.7,13.66,22.56,32.96,63.19,49.76,45.83,31.16,29.93,,11.34,,14.31,14.99,19.14,6.1,18.1,14.49,ZWE_2
16.37,0.08333333,2015,3,ZWE,-0.4233947,19.33,9.15,95.03,17.45,12.4,44.91,18.83,31.56,39.96,80.38,35.59,29.85,32.71,24.92,,17.46,,16.36,16.37,25.18,6.16,18.84,23.34,ZWE_3
13.03,0.08333333,2015,4,ZWE,-0.4150827,33.83,8.91,89.48,17.21,12.84,42.26,30.03,32.5,32.54,74.73,42.93,34.19,29.14,25.58,,17.13,,14.62,13.03,26.28,6.58,23.67,31.74,ZWE_4
11.03,0.08333333,2015,5,ZWE,-0.2866362,13.14,8.34,92.97,12.93,8.5,20.95,14.12,39.99,31.19,72.25,44.5,38.13,44.87,34.6,,24.35,,9.58,11.03,17.11,7.64,18.99,17.74,ZWE_5
10.7,0.08333333,2015,6,ZWE,-0.2204304,19.16,9.13,90.03,20.0,9.42,20.86,19.81,28.77,23.91,86.23,30.72,21.47,40.53,34.62,,20.83,,14.67,10.7,23.37,6.29,28.25,18.73,ZWE_6
14.72,0.08333333,2015,7,ZWE,-0.3576299,31.88,9.3,97.15,15.67,11.04,27.59,28.26,29.95,33.81,65.01,38.27,33.08,42.82,23.46,,20.7,,14.4,14.72,26.28,6.4,19.66,30.2,ZWE_7
14.01,0.08333333,2015,8,ZWE,-0.3190697,13.68,9.16,95.73,12.35,9.03,22.08,23.61,26.61,26.28,67.98,44.63,42.32,28.26,22.78,,12.97,,17.07,14.01,19.22,6.77,19.43,25.01,ZWE_8
15.1,0.08333333,2015,9,ZWE,-0.4119438,94.45,10.82,98.15,43.9,31.63,40.49,58.71,32.73,21.24,92.78,22.53,14.02,39.49,29.36,,18.93,,15.49,15.1,61.67,5.4,28.27,77.44,ZWE_9
12.23,0.08333333,2015,10,ZWE,-0.2463948,100.0,11.04,98.94,48.41,31.53,33.33,70.46,34.77,30.81,93.0,15.08,10.22,42.23,35.31,,18.34,,14.36,12.23,71.93,6.21,24.66,96.87,ZWE_10
